ville,date,station,nom_station,dist_km,tmin,tmax,pluie,vent
01053,2026-09-10,01072001,CEYZERIAT_SAPC,3.1,7,21.9,0.2,
02691,2026-09-10,02320001,ST QUENTIN,6.2,6.1,21.8,0,16.2
05061,2026-09-10,05061009,GAP,1.5,10.6,17.8,0,35.28
06004,2026-09-10,06004004,ANTIBES-GOLF,1.1,17.3,27.4,0,
06027,2026-09-10,06088001,NICE,5.3,20.4,25.9,0,37.8
06029,2026-09-10,06029001,CANNES,5.4,15.4,26.4,0,16.56
06030,2026-09-10,06029001,CANNES,4.5,15.4,26.4,0,16.56
06069,2026-09-10,06038001,CHATEAUNEUF GRASSE,5.4,18.2,24.6,0,15.48
06088,2026-09-10,06088007,NICE-RIMIEZ,4.5,19.2,24.5,0.6,20.16
08105,2026-09-10,08105005,CHARLEVILLE-MEZ,6.3,2.3,22.5,0,11.16
10387,2026-09-10,10030001,TROYES-BARBEREY,5.5,7,22.5,0,17.28
11069,2026-09-10,11069001,CARCASSONNE,4.4,12.1,25.3,0,32.04
11262,2026-09-10,11262005,NARBONNE,6.3,13.2,26.3,0,30.6
13001,2026-09-10,13001009,AIX EN PROVENCE,3,11.2,26.2,0,21.96
13004,2026-09-10,13004003,ARLES,5.1,15.7,26,0,47.16
13005,2026-09-10,13005003,AUBAGNE,3.5,13.1,27.5,0,21.96
13028,2026-09-10,13028001,BEC DE L AIGLE,3.8,14.2,27.1,0,65.16
13047,2026-09-10,13047001,ISTRES,3,16,25.9,0,58.32
13055,2026-09-10,13055001,MARSEILLE-OBS,3,16.3,27.2,0,
13056,2026-09-10,13054001,MARIGNANE,14.7,17.1,26.2,0,49.32
13103,2026-09-10,13103001,SALON DE PROVENCE,5.8,16.2,25.5,0,51.12
14118,2026-09-10,14137001,CAEN-CARPIQUET,6.1,10.5,20.7,0,21.6
16015,2026-09-10,16113001,LA COURONNE,4,6.8,25.4,0,12.24
17300,2026-09-10,17300009,LA ROCHELLE-ILE DE RE,2.2,11.9,22.7,0,21.24
18033,2026-09-10,18033001,BOURGES,3.6,9.8,23.5,0,11.16
19031,2026-09-10,19031008,BRIVE,3.2,6.5,25.4,0,16.2
21231,2026-09-10,21231001,DIJON,2,7.9,23.9,0,
22278,2026-09-10,22372001,ST BRIEUC,7,10.6,21.3,1.2,20.88
25056,2026-09-10,25056001,BESANCON,2.2,7.8,22.2,0,14.4
26198,2026-09-10,26198001,MONTELIMAR,3.1,15.9,23.3,0,39.24
26362,2026-09-10,26064001,VALENCE-CHABEUI,4.5,13.4,23.8,0,44.64
27229,2026-09-10,27306001,GUICHAINVILLE,5.5,6.4,22.4,0,
28085,2026-09-10,28070001,CHARTRES,1.4,8.1,22,0,13.32
29019,2026-09-10,29075001,BREST-GUIPAVAS,9.5,10.4,20.2,3.6,31.68
29232,2026-09-10,29216001,QUIMPER,5.5,12.5,21,1.6,21.96
2A004,2026-09-10,20004014,AJACCIO-MILELLI_SAPC,2.1,20.9,28.1,0,
2B033,2026-09-10,20033015,BASTIA_SAPC,2.6,23.5,27.8,0,
30007,2026-09-10,30243001,ST CHRISTOL-LES-ALES,3.7,16.9,28.3,0,
30189,2026-09-10,30189001,NIMES-COURBESSAC,5.8,16.3,27.7,0,31.68
31149,2026-09-10,31069001,TOULOUSE-BLAGNAC,4.5,9.7,24.2,0,21.24
31555,2026-09-10,31069001,TOULOUSE-BLAGNAC,4.9,9.7,24.2,0,21.24
33063,2026-09-10,33063001,BORDEAUX-PAULIN,1.4,11.4,26.1,0,
33281,2026-09-10,33281001,BORDEAUX-MERIGNAC,0.7,9.6,26,0,25.56
33318,2026-09-10,33281001,BORDEAUX-MERIGNAC,5,9.6,26,0,25.56
33522,2026-09-10,33550001,VILLENAVE D'ORNON-INRAE,2.2,10,25.8,0,
33550,2026-09-10,33080001,CADAUJAC-INRAE,2.4,8.2,25.8,0,
34032,2026-09-10,34032002,BEZIERS-COURTADE,6.6,14.7,27.3,0,
34172,2026-09-10,34337001,VILLENEUVE-LES-MAG-INRAE,8.2,14.5,28.6,0,
34301,2026-09-10,34301002,SETE,4.1,16.3,28.3,0,20.52
35238,2026-09-10,35238003,RENNES GALLET,3.5,10.8,22.1,0,
35288,2026-09-10,35228001,DINARD,8.6,10.5,21.9,0.2,20.16
36044,2026-09-10,36063001,CHATEAUROUX  DEOLS,8.4,7.7,23.6,0,16.56
37122,2026-09-10,37122001,JOUE-LES-TOURS OB,1.4,9.8,24.8,0,
37261,2026-09-10,37179001,TOURS,6.1,10.7,22.7,0,14.4
38185,2026-09-10,38185012,GRENOBLE-CEA-RADOME,4,14.4,22.4,0,9
38421,2026-09-10,38185012,GRENOBLE-CEA-RADOME,7.4,14.4,22.4,0,9
41018,2026-09-10,41018001,BLOIS - VILLE,2.7,8.7,23.9,0,
42218,2026-09-10,42218011,SAINT-ETIENNE,1.3,8.4,20.8,0,25.92
44109,2026-09-10,44109012,NANTES-VILLE,3.7,10.8,23.1,0,
44143,2026-09-10,44020001,NANTES-BOUGUENAIS,4.7,11.1,23.4,0.2,19.08
44162,2026-09-10,44020001,NANTES-BOUGUENAIS,8.5,11.1,23.4,0.2,19.08
44184,2026-09-10,44103001,ST NAZAIRE-MONTOIR,7.6,10.4,22.2,0,24.12
45169,2026-09-10,45055001,ORLEANS,8.2,8.7,22.6,0,16.92
45234,2026-09-10,45193001,MARCILLY-EN-V.,14.2,7.7,24.5,0,
49007,2026-09-10,49007011,ANGERS VILLE,3.2,10.9,24.2,0,
49099,2026-09-10,49099003,CHOLET,4.9,10.1,22.9,0,17.28
50129,2026-09-10,50209001,GONNEVILLE,12.7,9,19.6,0,22.32
51108,2026-09-10,51242001,FAGNIERES-INRAE,6,5.5,23.3,0,
51454,2026-09-10,51449002,REIMS-PRUNAY,8.7,3.4,23.4,0,12.6
53130,2026-09-10,53130008,LAVAL-ETRONNIER,3.5,10.6,22.5,0,14.76
54395,2026-09-10,54526001,NANCY-ESSEY,3.5,6.4,23.1,0,14.4
56121,2026-09-10,56185001,LORIENT-LANN BIHOUE,4.4,10.7,20.7,1,23.76
56260,2026-09-10,56243001,VANNES-SENE,6.5,10.1,23.6,0,12.24
57463,2026-09-10,57039001,METZ-FRESCATY,6.5,6.9,22.9,0,12.96
57672,2026-09-10,57689001,VALMESTROFF,8.7,7.4,22.4,0,12.96
59009,2026-09-10,59512001,ROUBAIX,8,8.3,21.9,0,
59178,2026-09-10,59178001,DOUAI,2.7,7.1,22.7,0.4,
59183,2026-09-10,59183001,DUNKERQUE,4.2,13.1,21.2,0.4,23.76
59350,2026-09-10,59343001,LILLE-LESQUIN,7.7,8.2,21.3,0.2,20.16
59378,2026-09-10,59512001,ROUBAIX,6.4,8.3,21.9,0,
59512,2026-09-10,59512001,ROUBAIX,2.1,8.3,21.9,0,
59599,2026-09-10,59512001,ROUBAIX,2.2,8.3,21.9,0,
59606,2026-09-10,59606004,VALENCIENNES,5.3,5.1,21.2,0,18.72
59650,2026-09-10,59512001,ROUBAIX,2.6,8.3,21.9,0,
60057,2026-09-10,60639001,BEAUVAIS-TILLE,2.9,4,21.2,0,19.08
60159,2026-09-10,60382001,MARGNY-LES-COMPIEGNE,5,7.5,21.1,0,18
62041,2026-09-10,62873001,ARRAS,8.2,6.9,21,0,18.72
62160,2026-09-10,62160001,BOULOGNE-SEM,0.5,13,18.7,0.2,29.52
62193,2026-09-10,62548002,CALAIS-MARCK,6.2,11.8,20.2,0.6,31.32
63113,2026-09-10,63113001,CLERMONT-FD,2.8,9.9,21.9,0,19.44
64024,2026-09-10,64024001,BIARRITZ-PAYS-BASQUE,2.5,11,23.2,0,21.96
64102,2026-09-10,64024001,BIARRITZ-PAYS-BASQUE,6.1,11,23.2,0,21.96
64445,2026-09-10,64549001,PAU-UZEIN,9.2,8.8,24.2,0.2,15.12
65440,2026-09-10,65344001,TARBES-LOURDES-PYRENEES,7.7,7.9,23,0,14.04
66136,2026-09-10,66136001,PERPIGNAN,5,16.6,27.1,0,36.72
67482,2026-09-10,67482001,STRASBOURG - BOTANIQUE,1.5,9.2,22.4,0,
68066,2026-09-10,68066001,COLMAR-INRAE,7.1,6.4,23.5,0,
68224,2026-09-10,68224006,MULHOUSE,2.8,6.7,22.8,0,16.92
69029,2026-09-10,69029001,LYON-BRON,3.3,12.4,22.7,0,33.12
69034,2026-09-10,69123002,LYON TETE D'OR,2.9,14.4,23.6,0,
69123,2026-09-10,69123002,LYON TETE D'OR,2.3,14.4,23.6,0,
69149,2026-09-10,69204002,ST-GENIS-LAVAL,2.7,12.3,23.8,0,
69256,2026-09-10,69123002,LYON TETE D'OR,5.4,14.4,23.6,0,
69259,2026-09-10,69029001,LYON-BRON,5.8,12.4,22.7,0,33.12
69266,2026-09-10,69123002,LYON TETE D'OR,2.7,14.4,23.6,0,
69290,2026-09-10,69029001,LYON-BRON,2.2,12.4,22.7,0,33.12
71076,2026-09-10,71081001,CHALON-CHAMPFO,4.6,8.1,22.9,0,16.92
72181,2026-09-10,72181001,LE MANS,4,8.5,23.1,0,11.88
73065,2026-09-10,73064001,CHALLES LES EAUX,5.3,12,22.1,0.2,
74010,2026-09-10,74093001,CRAN-GEVRIER,1.7,12.9,20.3,0,
74012,2026-09-10,74133001,GAILLARD,3.2,11,22.2,0.2,
74281,2026-09-10,74281001,THONON-INRAE,1.9,15.6,19.3,0,
75056,2026-09-10,75106001,LUXEMBOURG,1.7,11.9,22.7,0,
76351,2026-09-10,76552001,CAP-DE-LA-HEVE,4.6,14.2,20.8,0,15.84
76540,2026-09-10,76540009,ROUEN - JARDIN,2.3,9.8,23.1,0,
77108,2026-09-10,93050001,NEUILLY-SUR-M.,4.5,7.8,23.1,0,
77284,2026-09-10,77084001,CHANGIS,8,6.4,23.5,0,14.4
77288,2026-09-10,77306001,MELUN,7.8,6.8,22.7,0,17.64
77373,2026-09-10,77468001,TORCY,8.7,7.2,22.6,0,10.44
78361,2026-09-10,78354001,MAGNANVILLE,3.8,7.5,22.1,0,15.84
78498,2026-09-10,78481001,LE PECQ,7.8,8.1,22.7,0,
78551,2026-09-10,78481001,LE PECQ,4.9,8.1,22.7,0,
78586,2026-09-10,78005002,ACHERES,6.2,5.3,21.9,0,12.6
78646,2026-09-10,78646002,VERSAILLES- INRAE,2.1,6.3,21.4,0,
79191,2026-09-10,79191005,NIORT,4.9,8.2,23.4,0,17.28
80021,2026-09-10,80379002,AMIENS-GLISY,7.6,6.8,21.1,0,15.48
81004,2026-09-10,81284001,ALBI,2,8,24.7,0,21.24
81065,2026-09-10,81182004,MONTREDON-LABESSONNIE,15.3,8,21.6,0,21.6
82121,2026-09-10,82121002,MONTAUBAN,1.2,8.3,24.9,0,17.64
83050,2026-09-10,83050007,DRAGUIGNAN_SAPC,1.3,13.5,26.9,0,
83061,2026-09-10,83061001,FREJUS,5.2,14.8,27.5,4.4,15.12
83069,2026-09-10,83069001,HYERES,7.4,12.2,29.8,0,27.36
83126,2026-09-10,83137001,TOULON,3.8,16.2,28.2,0,27.36
83137,2026-09-10,83137001,TOULON,3.7,16.2,28.2,0,27.36
84007,2026-09-10,84007005,AVIGNON,6.5,17,25.7,0,52.56
85191,2026-09-10,85191003,LA ROCHE SUR YON,5.1,9.6,22.4,0,17.64
85194,2026-09-10,85060002,CHATEAU-D'OLONNE,6.1,12.2,21.6,0.2,15.84
86194,2026-09-10,86027001,POITIERS-BIARD,4.5,9,23.3,0,17.64
87085,2026-09-10,87085006,LIMOGES-BELLEGARDE,4,8.8,22.2,0,15.48
90010,2026-09-10,90035001,DORANS,6,6.8,21,0,19.08
91174,2026-09-10,91103001,BRETIGNY_SAPC,10.2,8.2,22.4,0,
91228,2026-09-10,91103001,BRETIGNY_SAPC,8.4,8.2,22.4,0,
91377,2026-09-10,78640001,VILLACOUBLAY,7,9.7,20.6,0,16.92
91589,2026-09-10,91027002,ORLY,5.1,8.7,22.1,0,19.8
92002,2026-09-10,78640001,VILLACOUBLAY,7.3,9.7,20.6,0,16.92
92004,2026-09-10,75110001,LARIBOISIERE,5.8,14.3,21.5,0,
92007,2026-09-10,75114001,PARIS-MONTSOURIS,3.4,11.3,21,0,12.96
92012,2026-09-10,75116008,LONGCHAMP,2,6.7,22.3,0,12.24
92023,2026-09-10,78640001,VILLACOUBLAY,4.3,9.7,20.6,0,16.92
92024,2026-09-10,75110001,LARIBOISIERE,4.2,14.3,21.5,0,
92025,2026-09-10,92073001,SURESNES,5.8,10.4,23,0,
92026,2026-09-10,92073001,SURESNES,3.4,10.4,23,0,
92036,2026-09-10,75110001,LARIBOISIERE,7.2,14.3,21.5,0,
92040,2026-09-10,75116008,LONGCHAMP,4,6.7,22.3,0,12.24
92044,2026-09-10,75107005,TOUR EIFFEL,4.1,12.9,19.5,,22.68
92048,2026-09-10,78640001,VILLACOUBLAY,3.8,9.7,20.6,0,16.92
92049,2026-09-10,75114001,PARIS-MONTSOURIS,1.7,11.3,21,0,12.96
92050,2026-09-10,92073001,SURESNES,3.8,10.4,23,0,
92051,2026-09-10,92073001,SURESNES,2.8,10.4,23,0,
92062,2026-09-10,92073001,SURESNES,1.3,10.4,23,0,
92063,2026-09-10,92073001,SURESNES,3.9,10.4,23,0,
92073,2026-09-10,92073001,SURESNES,1.2,10.4,23,0,
93001,2026-09-10,75110001,LARIBOISIERE,4.3,14.3,21.5,0,
93005,2026-09-10,95088001,LE BOURGET,5.3,8.4,21.9,0,18
93006,2026-09-10,75110001,LARIBOISIERE,5.6,14.3,21.5,0,
93007,2026-09-10,95088001,LE BOURGET,4,8.4,21.9,0,18
93008,2026-09-10,95088001,LE BOURGET,6.8,8.4,21.9,0,18
93010,2026-09-10,93050001,NEUILLY-SUR-M.,6.6,7.8,23.1,0,
93027,2026-09-10,95088001,LE BOURGET,4.3,8.4,21.9,0,18
93029,2026-09-10,95088001,LE BOURGET,4.9,8.4,21.9,0,18
93031,2026-09-10,95088001,LE BOURGET,8.2,8.4,21.9,0,18
93032,2026-09-10,93050001,NEUILLY-SUR-M.,2.5,7.8,23.1,0,
93046,2026-09-10,93050001,NEUILLY-SUR-M.,6.6,7.8,23.1,0,
93048,2026-09-10,94068001,ST-MAUR,6.9,9.3,22.6,0,
93050,2026-09-10,93050001,NEUILLY-SUR-M.,0.6,7.8,23.1,0,
93051,2026-09-10,93050001,NEUILLY-SUR-M.,3.1,7.8,23.1,0,
93053,2026-09-10,93050001,NEUILLY-SUR-M.,7.4,7.8,23.1,0,
93055,2026-09-10,75110001,LARIBOISIERE,4.6,14.3,21.5,0,
93064,2026-09-10,93050001,NEUILLY-SUR-M.,4.6,7.8,23.1,0,
93066,2026-09-10,95088001,LE BOURGET,5.6,8.4,21.9,0,18
93070,2026-09-10,75110001,LARIBOISIERE,3.5,14.3,21.5,0,
93071,2026-09-10,95088001,LE BOURGET,8.2,8.4,21.9,0,18
93072,2026-09-10,95088001,LE BOURGET,3.2,8.4,21.9,0,18
93073,2026-09-10,95527001,ROISSY,4.6,10.2,21.8,0,18.36
93078,2026-09-10,95527001,ROISSY,6.6,10.2,21.8,0,18.36
94002,2026-09-10,94068001,ST-MAUR,5.4,9.3,22.6,0,
94017,2026-09-10,94068001,ST-MAUR,2.3,9.3,22.6,0,
94022,2026-09-10,91027002,ORLY,5.3,8.7,22.1,0,19.8
94028,2026-09-10,94068001,ST-MAUR,4,9.3,22.6,0,
94033,2026-09-10,94068001,ST-MAUR,4.8,9.3,22.6,0,
94041,2026-09-10,75114001,PARIS-MONTSOURIS,3.8,11.3,21,0,12.96
94046,2026-09-10,94068001,ST-MAUR,3.9,9.3,22.6,0,
94068,2026-09-10,94068001,ST-MAUR,1,9.3,22.6,0,
94076,2026-09-10,75114001,PARIS-MONTSOURIS,3.5,11.3,21,0,12.96
94080,2026-09-10,94068001,ST-MAUR,5.8,9.3,22.6,0,
94081,2026-09-10,75114001,PARIS-MONTSOURIS,5.5,11.3,21,0,12.96
95018,2026-09-10,92073001,SURESNES,8.9,10.4,23,0,
95127,2026-09-10,95078001,PONTOISE - AERO,6.1,5.5,21.3,0,20.16
95252,2026-09-10,78005002,ACHERES,7.1,5.3,21.9,0,12.6
95268,2026-09-10,95088001,LE BOURGET,1.8,8.4,21.9,0,18
95585,2026-09-10,95088001,LE BOURGET,4.1,8.4,21.9,0,18
01053,2026-09-11,01072001,CEYZERIAT_SAPC,3.1,7.1,24,0,
02691,2026-09-11,02320001,ST QUENTIN,6.2,10.4,24.1,0.8,23.4
05061,2026-09-11,05061009,GAP,1.5,9.3,21.5,0,27.72
06004,2026-09-11,06004004,ANTIBES-GOLF,1.1,15.7,28.8,0,
06027,2026-09-11,06088001,NICE,5.3,18.4,27,0,25.2
06029,2026-09-11,06029001,CANNES,5.4,16.4,28.7,0,24.84
06030,2026-09-11,06029001,CANNES,4.5,16.4,28.7,0,24.84
06069,2026-09-11,06038001,CHATEAUNEUF GRASSE,5.4,15.5,27.5,0,15.48
06088,2026-09-11,06088007,NICE-RIMIEZ,4.5,15.7,25.4,0,15.84
08105,2026-09-11,08105005,CHARLEVILLE-MEZ,6.3,6.1,24.3,0,17.64
10387,2026-09-11,10030001,TROYES-BARBEREY,5.5,8.9,25.1,0,16.92
11069,2026-09-11,11069001,CARCASSONNE,4.4,11.3,27.8,0.4,28.08
11262,2026-09-11,11262005,NARBONNE,6.3,14.3,29,0,26.64
13001,2026-09-11,13001009,AIX EN PROVENCE,3,10.6,27.2,0,15.48
13004,2026-09-11,13004003,ARLES,5.1,13.3,28.2,0,35.64
13005,2026-09-11,13005003,AUBAGNE,3.5,9.6,27.9,0,16.2
13028,2026-09-11,13028001,BEC DE L AIGLE,3.8,17.8,26,0,37.8
13047,2026-09-11,13047001,ISTRES,3,13.4,28.4,0,44.28
13055,2026-09-11,13055001,MARSEILLE-OBS,3,15.4,28,0,
13056,2026-09-11,13054001,MARIGNANE,14.7,11,27.9,0,30.6
13103,2026-09-11,13103001,SALON DE PROVENCE,5.8,10.8,27.3,0,39.6
14118,2026-09-11,14137001,CAEN-CARPIQUET,6.1,13.3,21.4,0.2,21.6
16015,2026-09-11,16113001,LA COURONNE,4,8.9,25.7,0,15.48
17300,2026-09-11,17300009,LA ROCHELLE-ILE DE RE,2.2,13.7,23.2,0.2,24.12
18033,2026-09-11,18033001,BOURGES,3.6,10.7,26,0,12.24
19031,2026-09-11,19031008,BRIVE,3.2,8.5,27.2,0,12.6
21231,2026-09-11,21231001,DIJON,2,9.7,25.4,0,
22278,2026-09-11,22372001,ST BRIEUC,7,15.4,21.3,0.2,19.44
25056,2026-09-11,25056001,BESANCON,2.2,8.9,23.2,0,11.52
26198,2026-09-11,26198001,MONTELIMAR,3.1,14.6,25.3,0,36.36
26362,2026-09-11,26064001,VALENCE-CHABEUI,4.5,11.3,25.7,0,35.64
27229,2026-09-11,27306001,GUICHAINVILLE,5.5,12.1,24.8,0,
28085,2026-09-11,28070001,CHARTRES,1.4,10.9,25.3,0,11.88
29019,2026-09-11,29075001,BREST-GUIPAVAS,9.5,14.5,21.1,0.2,18.36
29232,2026-09-11,29216001,QUIMPER,5.5,15.1,23.2,0.2,19.44
2A004,2026-09-11,20004014,AJACCIO-MILELLI_SAPC,2.1,17,28.6,0,
2B033,2026-09-11,20033015,BASTIA_SAPC,2.6,20.4,30.6,0,
30007,2026-09-11,30243001,ST CHRISTOL-LES-ALES,3.7,11.5,32,0,
30189,2026-09-11,30189001,NIMES-COURBESSAC,5.8,14.4,30.5,0,20.88
31149,2026-09-11,31069001,TOULOUSE-BLAGNAC,4.5,10,26.6,0,19.44
31555,2026-09-11,31069001,TOULOUSE-BLAGNAC,4.9,10,26.6,0,19.44
33063,2026-09-11,33063001,BORDEAUX-PAULIN,1.4,12.5,26.4,0,
33281,2026-09-11,33281001,BORDEAUX-MERIGNAC,0.7,10.5,26.1,0,27
33318,2026-09-11,33281001,BORDEAUX-MERIGNAC,5,10.5,26.1,0,27
33522,2026-09-11,33550001,VILLENAVE D'ORNON-INRAE,2.2,11.6,26.2,0,
33550,2026-09-11,33080001,CADAUJAC-INRAE,2.4,9.4,25.9,0,
34032,2026-09-11,34032002,BEZIERS-COURTADE,6.6,7.8,30.5,0,
34172,2026-09-11,34337001,VILLENEUVE-LES-MAG-INRAE,8.2,14.3,27.1,0,
34301,2026-09-11,34301002,SETE,4.1,17.1,28.5,0,24.12
35238,2026-09-11,35238003,RENNES GALLET,3.5,12.9,23.4,0.8,
35288,2026-09-11,35228001,DINARD,8.6,15.1,22,0.2,22.32
36044,2026-09-11,36063001,CHATEAUROUX  DEOLS,8.4,10.7,25.6,0,18.36
37122,2026-09-11,37122001,JOUE-LES-TOURS OB,1.4,10.5,26.2,0.2,
37261,2026-09-11,37179001,TOURS,6.1,12.8,24.5,0,16.2
38185,2026-09-11,38185012,GRENOBLE-CEA-RADOME,4,11.3,25.3,0,12.6
38421,2026-09-11,38185012,GRENOBLE-CEA-RADOME,7.4,11.3,25.3,0,12.6
41018,2026-09-11,41018001,BLOIS - VILLE,2.7,9.4,25.6,0,
42218,2026-09-11,42218011,SAINT-ETIENNE,1.3,7.3,22.9,0,19.8
44109,2026-09-11,44109012,NANTES-VILLE,3.7,11.5,24.1,0.2,
44143,2026-09-11,44020001,NANTES-BOUGUENAIS,4.7,11.3,25,0.2,20.16
44162,2026-09-11,44020001,NANTES-BOUGUENAIS,8.5,11.3,25,0.2,20.16
44184,2026-09-11,44103001,ST NAZAIRE-MONTOIR,7.6,12.8,24.5,0.2,26.28
45169,2026-09-11,45055001,ORLEANS,8.2,11.1,26,0,18
45234,2026-09-11,45193001,MARCILLY-EN-V.,14.2,9.1,26.9,0,
49007,2026-09-11,49007011,ANGERS VILLE,3.2,12.9,24.7,0.2,
49099,2026-09-11,49099003,CHOLET,4.9,12.7,23.6,0,11.88
50129,2026-09-11,50209001,GONNEVILLE,12.7,13.7,20.6,0.4,22.32
51108,2026-09-11,51242001,FAGNIERES-INRAE,6,8.9,24.9,0,
51454,2026-09-11,51449002,REIMS-PRUNAY,8.7,7.9,25.3,0,18.72
53130,2026-09-11,53130008,LAVAL-ETRONNIER,3.5,12.6,22.4,0.2,17.64
54395,2026-09-11,54526001,NANCY-ESSEY,3.5,8.5,24.4,0,16.2
56121,2026-09-11,56185001,LORIENT-LANN BIHOUE,4.4,14.4,22.5,0.2,28.8
56260,2026-09-11,56243001,VANNES-SENE,6.5,12.9,25.6,0.2,13.32
57463,2026-09-11,57039001,METZ-FRESCATY,6.5,8.2,24,0,14.4
57672,2026-09-11,57689001,VALMESTROFF,8.7,8.2,23.9,0,20.16
59009,2026-09-11,59512001,ROUBAIX,8,14.6,22,0.4,
59178,2026-09-11,59178001,DOUAI,2.7,12.4,21.8,1.2,
59183,2026-09-11,59183001,DUNKERQUE,4.2,14.9,21,2,20.52
59350,2026-09-11,59343001,LILLE-LESQUIN,7.7,13,22,0,28.08
59378,2026-09-11,59512001,ROUBAIX,6.4,14.6,22,0.4,
59512,2026-09-11,59512001,ROUBAIX,2.1,14.6,22,0.4,
59599,2026-09-11,59512001,ROUBAIX,2.2,14.6,22,0.4,
59606,2026-09-11,59606004,VALENCIENNES,5.3,10.1,21.8,0.6,23.4
59650,2026-09-11,59512001,ROUBAIX,2.6,14.6,22,0.4,
60057,2026-09-11,60639001,BEAUVAIS-TILLE,2.9,9.7,24.1,0,24.12
60159,2026-09-11,60382001,MARGNY-LES-COMPIEGNE,5,11.5,23.1,0.2,19.8
62041,2026-09-11,62873001,ARRAS,8.2,13.1,22,0.2,24.48
62160,2026-09-11,62160001,BOULOGNE-SEM,0.5,16.6,20.2,0.2,33.12
62193,2026-09-11,62548002,CALAIS-MARCK,6.2,14.2,21.4,1,36
63113,2026-09-11,63113001,CLERMONT-FD,2.8,9.4,24.1,0,19.08
64024,2026-09-11,64024001,BIARRITZ-PAYS-BASQUE,2.5,11.9,22.5,0,21.6
64102,2026-09-11,64024001,BIARRITZ-PAYS-BASQUE,6.1,11.9,22.5,0,21.6
64445,2026-09-11,64549001,PAU-UZEIN,9.2,9.6,25.6,0.2,17.28
65440,2026-09-11,65344001,TARBES-LOURDES-PYRENEES,7.7,9.3,24,0,14.4
66136,2026-09-11,66136001,PERPIGNAN,5,13.9,29.5,0,28.08
67482,2026-09-11,67482001,STRASBOURG - BOTANIQUE,1.5,10.8,23.9,0,
68066,2026-09-11,68066001,COLMAR-INRAE,7.1,5.5,25.4,0,
68224,2026-09-11,68224006,MULHOUSE,2.8,7.8,24.6,0,13.68
69029,2026-09-11,69029001,LYON-BRON,3.3,9.5,24.6,0,19.8
69034,2026-09-11,69123002,LYON TETE D'OR,2.9,12.7,25.4,0,
69123,2026-09-11,69123002,LYON TETE D'OR,2.3,12.7,25.4,0,
69149,2026-09-11,69204002,ST-GENIS-LAVAL,2.7,12.2,25.8,0,
69256,2026-09-11,69123002,LYON TETE D'OR,5.4,12.7,25.4,0,
69259,2026-09-11,69029001,LYON-BRON,5.8,9.5,24.6,0,19.8
69266,2026-09-11,69123002,LYON TETE D'OR,2.7,12.7,25.4,0,
69290,2026-09-11,69029001,LYON-BRON,2.2,9.5,24.6,0,19.8
71076,2026-09-11,71081001,CHALON-CHAMPFO,4.6,9,25.3,0,10.08
72181,2026-09-11,72181001,LE MANS,4,11.3,25.1,0,12.96
73065,2026-09-11,73064001,CHALLES LES EAUX,5.3,8.5,24.9,0,
74010,2026-09-11,74093001,CRAN-GEVRIER,1.7,8.7,24.5,0,
74012,2026-09-11,74133001,GAILLARD,3.2,8.8,25.2,0.2,
74281,2026-09-11,74281001,THONON-INRAE,1.9,11.2,23.1,0,
75056,2026-09-11,75106001,LUXEMBOURG,1.7,15.2,26.3,0,
76351,2026-09-11,76552001,CAP-DE-LA-HEVE,4.6,16.4,20.8,0.6,19.8
76540,2026-09-11,76540009,ROUEN - JARDIN,2.3,13.1,23.3,0,
77108,2026-09-11,93050001,NEUILLY-SUR-M.,4.5,11.4,26.3,0,
77284,2026-09-11,77084001,CHANGIS,8,10,27.1,0.2,16.56
77288,2026-09-11,77306001,MELUN,7.8,10.8,25.7,0,15.48
77373,2026-09-11,77468001,TORCY,8.7,11.1,26.2,0,10.8
78361,2026-09-11,78354001,MAGNANVILLE,3.8,11.6,23.9,0,17.28
78498,2026-09-11,78481001,LE PECQ,7.8,12.1,26.8,0,
78551,2026-09-11,78481001,LE PECQ,4.9,12.1,26.8,0,
78586,2026-09-11,78005002,ACHERES,6.2,9.9,25.2,0,12.96
78646,2026-09-11,78646002,VERSAILLES- INRAE,2.1,10.3,24.9,0,
79191,2026-09-11,79191005,NIORT,4.9,10.5,24.2,0,14.4
80021,2026-09-11,80379002,AMIENS-GLISY,7.6,12,23,0.1,23.76
81004,2026-09-11,81284001,ALBI,2,9.2,27.4,0,19.8
81065,2026-09-11,81182004,MONTREDON-LABESSONNIE,15.3,11.4,24,0,19.44
82121,2026-09-11,82121002,MONTAUBAN,1.2,8.9,26.6,0,17.28
83050,2026-09-11,83050007,DRAGUIGNAN_SAPC,1.3,13.7,29.4,0,
83061,2026-09-11,83061001,FREJUS,5.2,15.4,27.5,0,12.96
83069,2026-09-11,83069001,HYERES,7.4,16.2,27.2,0,23.4
83126,2026-09-11,83137001,TOULON,3.8,15.2,27,0,22.68
83137,2026-09-11,83137001,TOULON,3.7,15.2,27,0,22.68
84007,2026-09-11,84007005,AVIGNON,6.5,15.5,27.9,0,42.48
85191,2026-09-11,85191003,LA ROCHE SUR YON,5.1,11.5,23.4,0.2,17.28
85194,2026-09-11,85060002,CHATEAU-D'OLONNE,6.1,11.7,23.2,0.2,16.92
86194,2026-09-11,86027001,POITIERS-BIARD,4.5,12.1,24.1,0,15.84
87085,2026-09-11,87085006,LIMOGES-BELLEGARDE,4,10.9,23.4,0,16.56
90010,2026-09-11,90035001,DORANS,6,8.1,23.1,0,15.84
91174,2026-09-11,91103001,BRETIGNY_SAPC,10.2,11.3,25.5,0,
91228,2026-09-11,91103001,BRETIGNY_SAPC,8.4,11.3,25.5,0,
91377,2026-09-11,78640001,VILLACOUBLAY,7,13,24.6,0,15.48
91589,2026-09-11,91027002,ORLY,5.1,12.3,25.8,0,16.56
92002,2026-09-11,78640001,VILLACOUBLAY,7.3,13,24.6,0,15.48
92004,2026-09-11,75110001,LARIBOISIERE,5.8,17.7,25.2,0,
92007,2026-09-11,75114001,PARIS-MONTSOURIS,3.4,13.1,25,0,12.96
92012,2026-09-11,75116008,LONGCHAMP,2,10.5,25.5,0.2,14.04
92023,2026-09-11,78640001,VILLACOUBLAY,4.3,13,24.6,0,15.48
92024,2026-09-11,75110001,LARIBOISIERE,4.2,17.7,25.2,0,
92025,2026-09-11,92073001,SURESNES,5.8,13.2,26,0,
92026,2026-09-11,92073001,SURESNES,3.4,13.2,26,0,
92036,2026-09-11,75110001,LARIBOISIERE,7.2,17.7,25.2,0,
92040,2026-09-11,75116008,LONGCHAMP,4,10.5,25.5,0.2,14.04
92044,2026-09-11,75107005,TOUR EIFFEL,4.1,16,21.5,,29.52
92048,2026-09-11,78640001,VILLACOUBLAY,3.8,13,24.6,0,15.48
92049,2026-09-11,75114001,PARIS-MONTSOURIS,1.7,13.1,25,0,12.96
92050,2026-09-11,92073001,SURESNES,3.8,13.2,26,0,
92051,2026-09-11,92073001,SURESNES,2.8,13.2,26,0,
92062,2026-09-11,92073001,SURESNES,1.3,13.2,26,0,
92063,2026-09-11,92073001,SURESNES,3.9,13.2,26,0,
92073,2026-09-11,92073001,SURESNES,1.2,13.2,26,0,
93001,2026-09-11,75110001,LARIBOISIERE,4.3,17.7,25.2,0,
93005,2026-09-11,95088001,LE BOURGET,5.3,12.7,25.2,0,16.92
93006,2026-09-11,75110001,LARIBOISIERE,5.6,17.7,25.2,0,
93007,2026-09-11,95088001,LE BOURGET,4,12.7,25.2,0,16.92
93008,2026-09-11,95088001,LE BOURGET,6.8,12.7,25.2,0,16.92
93010,2026-09-11,93050001,NEUILLY-SUR-M.,6.6,11.4,26.3,0,
93027,2026-09-11,95088001,LE BOURGET,4.3,12.7,25.2,0,16.92
93029,2026-09-11,95088001,LE BOURGET,4.9,12.7,25.2,0,16.92
93031,2026-09-11,95088001,LE BOURGET,8.2,12.7,25.2,0,16.92
93032,2026-09-11,93050001,NEUILLY-SUR-M.,2.5,11.4,26.3,0,
93046,2026-09-11,93050001,NEUILLY-SUR-M.,6.6,11.4,26.3,0,
93048,2026-09-11,94068001,ST-MAUR,6.9,12.3,27,0,
93050,2026-09-11,93050001,NEUILLY-SUR-M.,0.6,11.4,26.3,0,
93051,2026-09-11,93050001,NEUILLY-SUR-M.,3.1,11.4,26.3,0,
93053,2026-09-11,93050001,NEUILLY-SUR-M.,7.4,11.4,26.3,0,
93055,2026-09-11,75110001,LARIBOISIERE,4.6,17.7,25.2,0,
93064,2026-09-11,93050001,NEUILLY-SUR-M.,4.6,11.4,26.3,0,
93066,2026-09-11,95088001,LE BOURGET,5.6,12.7,25.2,0,16.92
93070,2026-09-11,75110001,LARIBOISIERE,3.5,17.7,25.2,0,
93071,2026-09-11,95088001,LE BOURGET,8.2,12.7,25.2,0,16.92
93072,2026-09-11,95088001,LE BOURGET,3.2,12.7,25.2,0,16.92
93073,2026-09-11,95527001,ROISSY,4.6,14.4,25.6,0.2,17.64
93078,2026-09-11,95527001,ROISSY,6.6,14.4,25.6,0.2,17.64
94002,2026-09-11,94068001,ST-MAUR,5.4,12.3,27,0,
94017,2026-09-11,94068001,ST-MAUR,2.3,12.3,27,0,
94022,2026-09-11,91027002,ORLY,5.3,12.3,25.8,0,16.56
94028,2026-09-11,94068001,ST-MAUR,4,12.3,27,0,
94033,2026-09-11,94068001,ST-MAUR,4.8,12.3,27,0,
94041,2026-09-11,75114001,PARIS-MONTSOURIS,3.8,13.1,25,0,12.96
94046,2026-09-11,94068001,ST-MAUR,3.9,12.3,27,0,
94068,2026-09-11,94068001,ST-MAUR,1,12.3,27,0,
94076,2026-09-11,75114001,PARIS-MONTSOURIS,3.5,13.1,25,0,12.96
94080,2026-09-11,94068001,ST-MAUR,5.8,12.3,27,0,
94081,2026-09-11,75114001,PARIS-MONTSOURIS,5.5,13.1,25,0,12.96
95018,2026-09-11,92073001,SURESNES,8.9,13.2,26,0,
95127,2026-09-11,95078001,PONTOISE - AERO,6.1,10.7,23.6,0.2,20.52
95252,2026-09-11,78005002,ACHERES,7.1,9.9,25.2,0,12.96
95268,2026-09-11,95088001,LE BOURGET,1.8,12.7,25.2,0,16.92
95585,2026-09-11,95088001,LE BOURGET,4.1,12.7,25.2,0,16.92
01053,2026-09-12,01072001,CEYZERIAT_SAPC,3.1,6.8,25.9,0,
02691,2026-09-12,02320001,ST QUENTIN,6.2,9.9,24.4,0,22.68
05061,2026-09-12,05061009,GAP,1.5,10.8,26.3,0,29.16
06004,2026-09-12,06004004,ANTIBES-GOLF,1.1,18,30,0,
06027,2026-09-12,06088001,NICE,5.3,19.5,27.6,0,19.8
06029,2026-09-12,06029001,CANNES,5.4,16.8,27.8,0,16.2
06030,2026-09-12,06029001,CANNES,4.5,16.8,27.8,0,16.2
06069,2026-09-12,06038001,CHATEAUNEUF GRASSE,5.4,16.8,27.2,0,14.4
06088,2026-09-12,06088007,NICE-RIMIEZ,4.5,16.9,26.6,0,17.28
08105,2026-09-12,08105005,CHARLEVILLE-MEZ,6.3,9.3,24.3,0,21.6
10387,2026-09-12,10030001,TROYES-BARBEREY,5.5,7.8,27,0,16.92
11069,2026-09-12,11069001,CARCASSONNE,4.4,14.3,29.5,0,25.92
11262,2026-09-12,11262005,NARBONNE,6.3,16.8,31.9,0,23.4
13001,2026-09-12,13001009,AIX EN PROVENCE,3,13.5,29.5,0,14.76
13004,2026-09-12,13004003,ARLES,5.1,13.6,29.8,0,20.52
13005,2026-09-12,13005003,AUBAGNE,3.5,11.5,29.2,0,14.4
13028,2026-09-12,13028001,BEC DE L AIGLE,3.8,19.3,26,0,19.08
13047,2026-09-12,13047001,ISTRES,3,15.7,30,0,20.52
13055,2026-09-12,13055001,MARSEILLE-OBS,3,17.9,27.3,0,
13056,2026-09-12,13054001,MARIGNANE,14.7,12.7,29.1,0,19.8
13103,2026-09-12,13103001,SALON DE PROVENCE,5.8,11.3,29.6,0,11.88
14118,2026-09-12,14137001,CAEN-CARPIQUET,6.1,10.1,24.2,0,20.16
16015,2026-09-12,16113001,LA COURONNE,4,10.1,28.9,0,15.48
17300,2026-09-12,17300009,LA ROCHELLE-ILE DE RE,2.2,14.1,24.3,0,28.8
18033,2026-09-12,18033001,BOURGES,3.6,11,28.1,0,11.52
19031,2026-09-12,19031008,BRIVE,3.2,9.4,29.2,0,10.08
21231,2026-09-12,21231001,DIJON,2,9.3,28.6,0,
22278,2026-09-12,22372001,ST BRIEUC,7,10.2,23.5,0.2,18.36
25056,2026-09-12,25056001,BESANCON,2.2,8.5,25.7,0,13.68
26198,2026-09-12,26198001,MONTELIMAR,3.1,16.5,27.2,0,28.44
26362,2026-09-12,26064001,VALENCE-CHABEUI,4.5,11.1,27.5,0,27.72
27229,2026-09-12,27306001,GUICHAINVILLE,5.5,11.7,25.2,0,
28085,2026-09-12,28070001,CHARTRES,1.4,12.6,26.3,0,13.68
29019,2026-09-12,29075001,BREST-GUIPAVAS,9.5,8.2,21.8,0.2,19.08
29232,2026-09-12,29216001,QUIMPER,5.5,10.5,23.8,0.2,17.28
2A004,2026-09-12,20004014,AJACCIO-MILELLI_SAPC,2.1,15.8,30.5,0,
2B033,2026-09-12,20033015,BASTIA_SAPC,2.6,21.8,28.7,0,
30007,2026-09-12,30243001,ST CHRISTOL-LES-ALES,3.7,12.5,31.7,0,
30189,2026-09-12,30189001,NIMES-COURBESSAC,5.8,17.8,31.5,0,26.64
31149,2026-09-12,31069001,TOULOUSE-BLAGNAC,4.5,11.5,28.3,0,14.76
31555,2026-09-12,31069001,TOULOUSE-BLAGNAC,4.9,11.5,28.3,0,14.76
33063,2026-09-12,33063001,BORDEAUX-PAULIN,1.4,14.3,29.6,0,
33281,2026-09-12,33281001,BORDEAUX-MERIGNAC,0.7,12.9,28.8,0,24.84
33318,2026-09-12,33281001,BORDEAUX-MERIGNAC,5,12.9,28.8,0,24.84
33522,2026-09-12,33550001,VILLENAVE D'ORNON-INRAE,2.2,14.2,29,0,
33550,2026-09-12,33080001,CADAUJAC-INRAE,2.4,11.7,28.9,0,
34032,2026-09-12,34032002,BEZIERS-COURTADE,6.6,12,31.9,0,
34172,2026-09-12,34337001,VILLENEUVE-LES-MAG-INRAE,8.2,15.2,30,0,
34301,2026-09-12,34301002,SETE,4.1,21,27.4,0,20.88
35238,2026-09-12,35238003,RENNES GALLET,3.5,11.3,26.7,0,
35288,2026-09-12,35228001,DINARD,8.6,10.6,21.9,0.2,18.72
36044,2026-09-12,36063001,CHATEAUROUX  DEOLS,8.4,10.6,27.9,0,15.84
37122,2026-09-12,37122001,JOUE-LES-TOURS OB,1.4,11.1,29.7,0,
37261,2026-09-12,37179001,TOURS,6.1,12.2,27,0,13.32
38185,2026-09-12,38185012,GRENOBLE-CEA-RADOME,4,12.4,27.3,0,11.52
38421,2026-09-12,38185012,GRENOBLE-CEA-RADOME,7.4,12.4,27.3,0,11.52
41018,2026-09-12,41018001,BLOIS - VILLE,2.7,10.3,27.7,0.2,
42218,2026-09-12,42218011,SAINT-ETIENNE,1.3,9.2,24.7,0,17.64
44109,2026-09-12,44109012,NANTES-VILLE,3.7,11.2,27.2,0,
44143,2026-09-12,44020001,NANTES-BOUGUENAIS,4.7,11.8,26.8,0,15.84
44162,2026-09-12,44020001,NANTES-BOUGUENAIS,8.5,11.8,26.8,0,15.84
44184,2026-09-12,44103001,ST NAZAIRE-MONTOIR,7.6,12.1,24.9,0,20.16
45169,2026-09-12,45055001,ORLEANS,8.2,12.5,26.8,0,19.44
45234,2026-09-12,45193001,MARCILLY-EN-V.,14.2,10.3,27.6,0,
49007,2026-09-12,49007011,ANGERS VILLE,3.2,12.6,28.1,0,
49099,2026-09-12,49099003,CHOLET,4.9,12.2,26.8,0,11.16
50129,2026-09-12,50209001,GONNEVILLE,12.7,11.3,21.7,0,23.04
51108,2026-09-12,51242001,FAGNIERES-INRAE,6,9.6,26.4,0,
51454,2026-09-12,51449002,REIMS-PRUNAY,8.7,8.1,25.9,0,17.28
53130,2026-09-12,53130008,LAVAL-ETRONNIER,3.5,11.4,26.5,0,13.68
54395,2026-09-12,54526001,NANCY-ESSEY,3.5,8.6,26.1,0,16.2
56121,2026-09-12,56185001,LORIENT-LANN BIHOUE,4.4,10.1,22.6,0,22.32
56260,2026-09-12,56243001,VANNES-SENE,6.5,11.2,26.7,0,12.24
57463,2026-09-12,57039001,METZ-FRESCATY,6.5,9.4,25.7,0,15.84
57672,2026-09-12,57689001,VALMESTROFF,8.7,12.2,25.5,0,24.84
59009,2026-09-12,59512001,ROUBAIX,8,12.4,24.3,0,
59178,2026-09-12,59178001,DOUAI,2.7,11.5,24.6,0,
59183,2026-09-12,59183001,DUNKERQUE,4.2,15.4,22.2,0.2,27
59350,2026-09-12,59343001,LILLE-LESQUIN,7.7,12.5,23.4,0,30.6
59378,2026-09-12,59512001,ROUBAIX,6.4,12.4,24.3,0,
59512,2026-09-12,59512001,ROUBAIX,2.1,12.4,24.3,0,
59599,2026-09-12,59512001,ROUBAIX,2.2,12.4,24.3,0,
59606,2026-09-12,59606004,VALENCIENNES,5.3,10.2,23.2,0,25.92
59650,2026-09-12,59512001,ROUBAIX,2.6,12.4,24.3,0,
60057,2026-09-12,60639001,BEAUVAIS-TILLE,2.9,8,24.4,0,17.28
60159,2026-09-12,60382001,MARGNY-LES-COMPIEGNE,5,10.6,24.2,0,18.72
62041,2026-09-12,62873001,ARRAS,8.2,11,23.5,0,25.2
62160,2026-09-12,62160001,BOULOGNE-SEM,0.5,16.7,19.3,0,36.36
62193,2026-09-12,62548002,CALAIS-MARCK,6.2,15,21.7,0.2,39.24
63113,2026-09-12,63113001,CLERMONT-FD,2.8,8.4,25.6,0,14.76
64024,2026-09-12,64024001,BIARRITZ-PAYS-BASQUE,2.5,13.4,26,0.4,25.56
64102,2026-09-12,64024001,BIARRITZ-PAYS-BASQUE,6.1,13.4,26,0.4,25.56
64445,2026-09-12,64549001,PAU-UZEIN,9.2,11.4,27.9,0,15.48
65440,2026-09-12,65344001,TARBES-LOURDES-PYRENEES,7.7,11.1,26.7,0,14.4
66136,2026-09-12,66136001,PERPIGNAN,5,16.5,31.6,0,20.88
67482,2026-09-12,67482001,STRASBOURG - BOTANIQUE,1.5,12.4,26.3,0,
68066,2026-09-12,68066001,COLMAR-INRAE,7.1,6.8,27.6,0,
68224,2026-09-12,68224006,MULHOUSE,2.8,7.7,26.9,0,11.16
69029,2026-09-12,69029001,LYON-BRON,3.3,10.5,26.4,0,18
69034,2026-09-12,69123002,LYON TETE D'OR,2.9,12.8,27.4,0,
69123,2026-09-12,69123002,LYON TETE D'OR,2.3,12.8,27.4,0,
69149,2026-09-12,69204002,ST-GENIS-LAVAL,2.7,12.8,27.7,0,
69256,2026-09-12,69123002,LYON TETE D'OR,5.4,12.8,27.4,0,
69259,2026-09-12,69029001,LYON-BRON,5.8,10.5,26.4,0,18
69266,2026-09-12,69123002,LYON TETE D'OR,2.7,12.8,27.4,0,
69290,2026-09-12,69029001,LYON-BRON,2.2,10.5,26.4,0,18
71076,2026-09-12,71081001,CHALON-CHAMPFO,4.6,8.4,26.8,0,15.12
72181,2026-09-12,72181001,LE MANS,4,11.1,27.2,0,12.6
73065,2026-09-12,73064001,CHALLES LES EAUX,5.3,8.8,27,0,
74010,2026-09-12,74093001,CRAN-GEVRIER,1.7,8.3,26.4,0,
74012,2026-09-12,74133001,GAILLARD,3.2,8.1,26.7,0,
74281,2026-09-12,74281001,THONON-INRAE,1.9,11.9,24.3,0,
75056,2026-09-12,75106001,LUXEMBOURG,1.7,15.5,27.2,0,
76351,2026-09-12,76552001,CAP-DE-LA-HEVE,4.6,15.3,21.3,0,23.4
76540,2026-09-12,76540009,ROUEN - JARDIN,2.3,11.1,24.7,0,
77108,2026-09-12,93050001,NEUILLY-SUR-M.,4.5,12.1,27.7,0,
77284,2026-09-12,77084001,CHANGIS,8,10.6,27.3,0,14.4
77288,2026-09-12,77306001,MELUN,7.8,12.3,27.7,0,18.72
77373,2026-09-12,77468001,TORCY,8.7,12,26.7,0,10.08
78361,2026-09-12,78354001,MAGNANVILLE,3.8,13,26,0,14.76
78498,2026-09-12,78481001,LE PECQ,7.8,13,27.8,0.2,
78551,2026-09-12,78481001,LE PECQ,4.9,13,27.8,0.2,
78586,2026-09-12,78005002,ACHERES,6.2,9.7,26.5,0,14.76
78646,2026-09-12,78646002,VERSAILLES- INRAE,2.1,11.3,25.7,0,
79191,2026-09-12,79191005,NIORT,4.9,10.6,27.2,0,14.4
80021,2026-09-12,80379002,AMIENS-GLISY,7.6,10.1,23.7,0,22.68
81004,2026-09-12,81284001,ALBI,2,10.1,29.5,0,14.76
81065,2026-09-12,81182004,MONTREDON-LABESSONNIE,15.3,12.4,25.5,0,14.76
82121,2026-09-12,82121002,MONTAUBAN,1.2,10.6,29,0,15.48
83050,2026-09-12,83050007,DRAGUIGNAN_SAPC,1.3,15.6,29.1,0,
83061,2026-09-12,83061001,FREJUS,5.2,15.9,28.1,0,13.32
83069,2026-09-12,83069001,HYERES,7.4,15.1,28,0,24.12
83126,2026-09-12,83137001,TOULON,3.8,17,29.1,0,15.12
83137,2026-09-12,83137001,TOULON,3.7,17,29.1,0,15.12
84007,2026-09-12,84007005,AVIGNON,6.5,11.7,30.5,0,21.24
85191,2026-09-12,85191003,LA ROCHE SUR YON,5.1,11.3,26.1,0.2,15.84
85194,2026-09-12,85060002,CHATEAU-D'OLONNE,6.1,11.5,23,0,16.2
86194,2026-09-12,86027001,POITIERS-BIARD,4.5,12.8,27.2,0,15.12
87085,2026-09-12,87085006,LIMOGES-BELLEGARDE,4,12.8,25.4,0,17.28
90010,2026-09-12,90035001,DORANS,6,8.3,26.3,0,11.16
91174,2026-09-12,91103001,BRETIGNY_SAPC,10.2,13.9,26.4,0,
91228,2026-09-12,91103001,BRETIGNY_SAPC,8.4,13.9,26.4,0,
91377,2026-09-12,78640001,VILLACOUBLAY,7,13.1,24.8,0,19.44
91589,2026-09-12,91027002,ORLY,5.1,13.7,26.5,0.2,18
92002,2026-09-12,78640001,VILLACOUBLAY,7.3,13.1,24.8,0,19.44
92004,2026-09-12,75110001,LARIBOISIERE,5.8,17.1,25.6,0,
92007,2026-09-12,75114001,PARIS-MONTSOURIS,3.4,15.5,25.5,0,12.96
92012,2026-09-12,75116008,LONGCHAMP,2,11.5,26.6,0,13.32
92023,2026-09-12,78640001,VILLACOUBLAY,4.3,13.1,24.8,0,19.44
92024,2026-09-12,75110001,LARIBOISIERE,4.2,17.1,25.6,0,
92025,2026-09-12,92073001,SURESNES,5.8,14.9,27,0,
92026,2026-09-12,92073001,SURESNES,3.4,14.9,27,0,
92036,2026-09-12,75110001,LARIBOISIERE,7.2,17.1,25.6,0,
92040,2026-09-12,75116008,LONGCHAMP,4,11.5,26.6,0,13.32
92044,2026-09-12,75107005,TOUR EIFFEL,4.1,15,23.1,,24.48
92048,2026-09-12,78640001,VILLACOUBLAY,3.8,13.1,24.8,0,19.44
92049,2026-09-12,75114001,PARIS-MONTSOURIS,1.7,15.5,25.5,0,12.96
92050,2026-09-12,92073001,SURESNES,3.8,14.9,27,0,
92051,2026-09-12,92073001,SURESNES,2.8,14.9,27,0,
92062,2026-09-12,92073001,SURESNES,1.3,14.9,27,0,
92063,2026-09-12,92073001,SURESNES,3.9,14.9,27,0,
92073,2026-09-12,92073001,SURESNES,1.2,14.9,27,0,
93001,2026-09-12,75110001,LARIBOISIERE,4.3,17.1,25.6,0,
93005,2026-09-12,95088001,LE BOURGET,5.3,12.1,25.9,0,16.56
93006,2026-09-12,75110001,LARIBOISIERE,5.6,17.1,25.6,0,
93007,2026-09-12,95088001,LE BOURGET,4,12.1,25.9,0,16.56
93008,2026-09-12,95088001,LE BOURGET,6.8,12.1,25.9,0,16.56
93010,2026-09-12,93050001,NEUILLY-SUR-M.,6.6,12.1,27.7,0,
93027,2026-09-12,95088001,LE BOURGET,4.3,12.1,25.9,0,16.56
93029,2026-09-12,95088001,LE BOURGET,4.9,12.1,25.9,0,16.56
93031,2026-09-12,95088001,LE BOURGET,8.2,12.1,25.9,0,16.56
93032,2026-09-12,93050001,NEUILLY-SUR-M.,2.5,12.1,27.7,0,
93046,2026-09-12,93050001,NEUILLY-SUR-M.,6.6,12.1,27.7,0,
93048,2026-09-12,94068001,ST-MAUR,6.9,14.1,27.4,0,
93050,2026-09-12,93050001,NEUILLY-SUR-M.,0.6,12.1,27.7,0,
93051,2026-09-12,93050001,NEUILLY-SUR-M.,3.1,12.1,27.7,0,
93053,2026-09-12,93050001,NEUILLY-SUR-M.,7.4,12.1,27.7,0,
93055,2026-09-12,75110001,LARIBOISIERE,4.6,17.1,25.6,0,
93064,2026-09-12,93050001,NEUILLY-SUR-M.,4.6,12.1,27.7,0,
93066,2026-09-12,95088001,LE BOURGET,5.6,12.1,25.9,0,16.56
93070,2026-09-12,75110001,LARIBOISIERE,3.5,17.1,25.6,0,
93071,2026-09-12,95088001,LE BOURGET,8.2,12.1,25.9,0,16.56
93072,2026-09-12,95088001,LE BOURGET,3.2,12.1,25.9,0,16.56
93073,2026-09-12,95527001,ROISSY,4.6,13.2,26,0,21.24
93078,2026-09-12,95527001,ROISSY,6.6,13.2,26,0,21.24
94002,2026-09-12,94068001,ST-MAUR,5.4,14.1,27.4,0,
94017,2026-09-12,94068001,ST-MAUR,2.3,14.1,27.4,0,
94022,2026-09-12,91027002,ORLY,5.3,13.7,26.5,0.2,18
94028,2026-09-12,94068001,ST-MAUR,4,14.1,27.4,0,
94033,2026-09-12,94068001,ST-MAUR,4.8,14.1,27.4,0,
94041,2026-09-12,75114001,PARIS-MONTSOURIS,3.8,15.5,25.5,0,12.96
94046,2026-09-12,94068001,ST-MAUR,3.9,14.1,27.4,0,
94068,2026-09-12,94068001,ST-MAUR,1,14.1,27.4,0,
94076,2026-09-12,75114001,PARIS-MONTSOURIS,3.5,15.5,25.5,0,12.96
94080,2026-09-12,94068001,ST-MAUR,5.8,14.1,27.4,0,
94081,2026-09-12,75114001,PARIS-MONTSOURIS,5.5,15.5,25.5,0,12.96
95018,2026-09-12,92073001,SURESNES,8.9,14.9,27,0,
95127,2026-09-12,95078001,PONTOISE - AERO,6.1,10.2,25.4,0,18.36
95252,2026-09-12,78005002,ACHERES,7.1,9.7,26.5,0,14.76
95268,2026-09-12,95088001,LE BOURGET,1.8,12.1,25.9,0,16.56
95585,2026-09-12,95088001,LE BOURGET,4.1,12.1,25.9,0,16.56
01053,2026-09-13,01072001,CEYZERIAT_SAPC,3.1,7.9,27.5,0,
02691,2026-09-13,02320001,ST QUENTIN,6.2,15.5,21,1,19.8
05061,2026-09-13,05061009,GAP,1.5,12.5,27.6,0,27.36
06004,2026-09-13,06004004,ANTIBES-GOLF,1.1,16.8,29.7,0,
06027,2026-09-13,06088001,NICE,5.3,21,27.7,0,19.08
06029,2026-09-13,06029001,CANNES,5.4,17,28.1,0,18.36
06030,2026-09-13,06029001,CANNES,4.5,17,28.1,0,18.36
06069,2026-09-13,06038001,CHATEAUNEUF GRASSE,5.4,17.9,27.8,0,14.04
06088,2026-09-13,06088007,NICE-RIMIEZ,4.5,18.2,26.4,0,18.36
08105,2026-09-13,08105005,CHARLEVILLE-MEZ,6.3,14.6,19.5,1.6,15.84
10387,2026-09-13,10030001,TROYES-BARBEREY,5.5,10.4,26.9,0,20.16
11069,2026-09-13,11069001,CARCASSONNE,4.4,11,31.3,0,21.96
11262,2026-09-13,11262005,NARBONNE,6.3,18.2,33.2,0,20.88
13001,2026-09-13,13001009,AIX EN PROVENCE,3,12.3,30.5,0,12.24
13004,2026-09-13,13004003,ARLES,5.1,12.3,30.2,0,22.68
13005,2026-09-13,13005003,AUBAGNE,3.5,10.5,29.5,0.2,13.32
13028,2026-09-13,13028001,BEC DE L AIGLE,3.8,19,27.5,0,20.52
13047,2026-09-13,13047001,ISTRES,3,15,31,0,22.32
13055,2026-09-13,13055001,MARSEILLE-OBS,3,16.3,26.6,0,
13056,2026-09-13,13054001,MARIGNANE,14.7,12.2,29.2,0,20.88
13103,2026-09-13,13103001,SALON DE PROVENCE,5.8,8.9,30.7,0,15.48
14118,2026-09-13,14137001,CAEN-CARPIQUET,6.1,13.1,26.1,0,20.88
16015,2026-09-13,16113001,LA COURONNE,4,10,31.3,0,13.32
17300,2026-09-13,17300009,LA ROCHELLE-ILE DE RE,2.2,14.2,27.6,0,23.4
18033,2026-09-13,18033001,BOURGES,3.6,12.1,29.3,0,11.16
19031,2026-09-13,19031008,BRIVE,3.2,9,31.3,0,9.72
21231,2026-09-13,21231001,DIJON,2,10,30.1,0,
22278,2026-09-13,22372001,ST BRIEUC,7,13.7,25.3,0,19.44
25056,2026-09-13,25056001,BESANCON,2.2,10.8,26.7,0,15.12
26198,2026-09-13,26198001,MONTELIMAR,3.1,15.9,29.1,0,25.92
26362,2026-09-13,26064001,VALENCE-CHABEUI,4.5,11.8,29.2,0,29.52
27229,2026-09-13,27306001,GUICHAINVILLE,5.5,13.9,27.6,0,
28085,2026-09-13,28070001,CHARTRES,1.4,11.8,28.9,0,13.68
29019,2026-09-13,29075001,BREST-GUIPAVAS,9.5,11.3,23.1,0.4,16.92
29232,2026-09-13,29216001,QUIMPER,5.5,11.2,24.4,0.4,16.56
2A004,2026-09-13,20004014,AJACCIO-MILELLI_SAPC,2.1,18,31.5,0,
2B033,2026-09-13,20033015,BASTIA_SAPC,2.6,21.2,30.2,0,
30007,2026-09-13,30243001,ST CHRISTOL-LES-ALES,3.7,10.5,33.3,0,
30189,2026-09-13,30189001,NIMES-COURBESSAC,5.8,18.1,32.9,0,22.68
31149,2026-09-13,31069001,TOULOUSE-BLAGNAC,4.5,12.2,30.1,0,19.08
31555,2026-09-13,31069001,TOULOUSE-BLAGNAC,4.9,12.2,30.1,0,19.08
33063,2026-09-13,33063001,BORDEAUX-PAULIN,1.4,13.8,32.5,0,
33281,2026-09-13,33281001,BORDEAUX-MERIGNAC,0.7,13.5,31.4,0,17.64
33318,2026-09-13,33281001,BORDEAUX-MERIGNAC,5,13.5,31.4,0,17.64
33522,2026-09-13,33550001,VILLENAVE D'ORNON-INRAE,2.2,13.3,31.9,0,
33550,2026-09-13,33080001,CADAUJAC-INRAE,2.4,11.7,31.4,0,
34032,2026-09-13,34032002,BEZIERS-COURTADE,6.6,9.3,31.4,0,
34172,2026-09-13,34337001,VILLENEUVE-LES-MAG-INRAE,8.2,15.3,30.1,0,
34301,2026-09-13,34301002,SETE,4.1,20.9,28.2,0,21.6
35238,2026-09-13,35238003,RENNES GALLET,3.5,12.6,29.8,0.2,
35288,2026-09-13,35228001,DINARD,8.6,12.4,24.8,0,20.16
36044,2026-09-13,36063001,CHATEAUROUX  DEOLS,8.4,10.3,29.6,0,12.6
37122,2026-09-13,37122001,JOUE-LES-TOURS OB,1.4,11.4,30.7,0,
37261,2026-09-13,37179001,TOURS,6.1,12.8,29.2,0,13.68
38185,2026-09-13,38185012,GRENOBLE-CEA-RADOME,4,13.7,28.7,0,12.96
38421,2026-09-13,38185012,GRENOBLE-CEA-RADOME,7.4,13.7,28.7,0,12.96
41018,2026-09-13,41018001,BLOIS - VILLE,2.7,10,30.2,0,
42218,2026-09-13,42218011,SAINT-ETIENNE,1.3,9.8,26.9,0,15.84
44109,2026-09-13,44109012,NANTES-VILLE,3.7,12.9,29.8,0,
44143,2026-09-13,44020001,NANTES-BOUGUENAIS,4.7,12.5,29.3,0.2,18.72
44162,2026-09-13,44020001,NANTES-BOUGUENAIS,8.5,12.5,29.3,0.2,18.72
44184,2026-09-13,44103001,ST NAZAIRE-MONTOIR,7.6,11.9,25.7,0.2,21.96
45169,2026-09-13,45055001,ORLEANS,8.2,10.9,29.6,0,17.28
45234,2026-09-13,45193001,MARCILLY-EN-V.,14.2,10,30.6,0,
49007,2026-09-13,49007011,ANGERS VILLE,3.2,14,31.2,0,
49099,2026-09-13,49099003,CHOLET,4.9,13.7,29.4,0,15.12
50129,2026-09-13,50209001,GONNEVILLE,12.7,15.5,21.2,0,29.52
51108,2026-09-13,51242001,FAGNIERES-INRAE,6,13.6,21.9,0.5,
51454,2026-09-13,51449002,REIMS-PRUNAY,8.7,14.1,22.6,2.4,15.48
53130,2026-09-13,53130008,LAVAL-ETRONNIER,3.5,12.9,29.3,0,16.56
54395,2026-09-13,54526001,NANCY-ESSEY,3.5,12.7,24.1,2.2,17.28
56121,2026-09-13,56185001,LORIENT-LANN BIHOUE,4.4,11.4,22.9,0.2,24.12
56260,2026-09-13,56243001,VANNES-SENE,6.5,11.2,26.6,0.2,11.16
57463,2026-09-13,57039001,METZ-FRESCATY,6.5,13.5,23.7,0.6,20.16
57672,2026-09-13,57689001,VALMESTROFF,8.7,16.3,23.2,0,21.6
59009,2026-09-13,59512001,ROUBAIX,8,17.5,20.7,0.6,
59178,2026-09-13,59178001,DOUAI,2.7,16,21.5,0.6,
59183,2026-09-13,59183001,DUNKERQUE,4.2,18.6,21.3,4.4,29.88
59350,2026-09-13,59343001,LILLE-LESQUIN,7.7,17.7,21,0,32.04
59378,2026-09-13,59512001,ROUBAIX,6.4,17.5,20.7,0.6,
59512,2026-09-13,59512001,ROUBAIX,2.1,17.5,20.7,0.6,
59599,2026-09-13,59512001,ROUBAIX,2.2,17.5,20.7,0.6,
59606,2026-09-13,59606004,VALENCIENNES,5.3,16.5,20.8,0.4,23.4
59650,2026-09-13,59512001,ROUBAIX,2.6,17.5,20.7,0.6,
60057,2026-09-13,60639001,BEAUVAIS-TILLE,2.9,15.7,24.6,0.2,21.96
60159,2026-09-13,60382001,MARGNY-LES-COMPIEGNE,5,15.9,23.2,5,16.2
62041,2026-09-13,62873001,ARRAS,8.2,16.7,21,0,28.44
62160,2026-09-13,62160001,BOULOGNE-SEM,0.5,17.8,19.4,1.2,30.6
62193,2026-09-13,62548002,CALAIS-MARCK,6.2,18.1,21.2,2.8,27.72
63113,2026-09-13,63113001,CLERMONT-FD,2.8,9.7,28.2,0,11.52
64024,2026-09-13,64024001,BIARRITZ-PAYS-BASQUE,2.5,14.7,29.2,0,23.04
64102,2026-09-13,64024001,BIARRITZ-PAYS-BASQUE,6.1,14.7,29.2,0,23.04
64445,2026-09-13,64549001,PAU-UZEIN,9.2,11.9,30.9,0,13.32
65440,2026-09-13,65344001,TARBES-LOURDES-PYRENEES,7.7,10.8,29.7,0,14.04
66136,2026-09-13,66136001,PERPIGNAN,5,17,31.7,0,21.24
67482,2026-09-13,67482001,STRASBOURG - BOTANIQUE,1.5,14.5,26,0,
68066,2026-09-13,68066001,COLMAR-INRAE,7.1,8.2,27.5,1.5,
68224,2026-09-13,68224006,MULHOUSE,2.8,10.2,27.1,2.6,19.8
69029,2026-09-13,69029001,LYON-BRON,3.3,10.5,28.4,0,18.72
69034,2026-09-13,69123002,LYON TETE D'OR,2.9,12.4,29.1,0,
69123,2026-09-13,69123002,LYON TETE D'OR,2.3,12.4,29.1,0,
69149,2026-09-13,69204002,ST-GENIS-LAVAL,2.7,13.9,29.3,0,
69256,2026-09-13,69123002,LYON TETE D'OR,5.4,12.4,29.1,0,
69259,2026-09-13,69029001,LYON-BRON,5.8,10.5,28.4,0,18.72
69266,2026-09-13,69123002,LYON TETE D'OR,2.7,12.4,29.1,0,
69290,2026-09-13,69029001,LYON-BRON,2.2,10.5,28.4,0,18.72
71076,2026-09-13,71081001,CHALON-CHAMPFO,4.6,8.9,29.3,0,11.16
72181,2026-09-13,72181001,LE MANS,4,12.2,30.1,0,15.48
73065,2026-09-13,73064001,CHALLES LES EAUX,5.3,9.7,28.5,0,
74010,2026-09-13,74093001,CRAN-GEVRIER,1.7,8.6,28.3,0,
74012,2026-09-13,74133001,GAILLARD,3.2,8.4,27.3,0.2,
74281,2026-09-13,74281001,THONON-INRAE,1.9,13.2,24.5,0,
75056,2026-09-13,75106001,LUXEMBOURG,1.7,18.3,28.5,0,
76351,2026-09-13,76552001,CAP-DE-LA-HEVE,4.6,16.7,22.1,0,23.4
76540,2026-09-13,76540009,ROUEN - JARDIN,2.3,14.1,25.2,0,
77108,2026-09-13,93050001,NEUILLY-SUR-M.,4.5,14,28.6,0,
77284,2026-09-13,77084001,CHANGIS,8,13.3,28.3,0,17.64
77288,2026-09-13,77306001,MELUN,7.8,12.6,28.5,0,18.72
77373,2026-09-13,77468001,TORCY,8.7,13.6,27.9,0,10.08
78361,2026-09-13,78354001,MAGNANVILLE,3.8,14.1,27.3,0,16.92
78498,2026-09-13,78481001,LE PECQ,7.8,15.1,29,0,
78551,2026-09-13,78481001,LE PECQ,4.9,15.1,29,0,
78586,2026-09-13,78005002,ACHERES,6.2,13,27.5,0,13.32
78646,2026-09-13,78646002,VERSAILLES- INRAE,2.1,11.7,28,0,
79191,2026-09-13,79191005,NIORT,4.9,13,30,0,13.68
80021,2026-09-13,80379002,AMIENS-GLISY,7.6,15.9,21.1,1.9,19.44
81004,2026-09-13,81284001,ALBI,2,11.5,31.3,0,13.68
81065,2026-09-13,81182004,MONTREDON-LABESSONNIE,15.3,13.4,27.7,0,13.68
82121,2026-09-13,82121002,MONTAUBAN,1.2,10.3,30.7,0,13.32
83050,2026-09-13,83050007,DRAGUIGNAN_SAPC,1.3,15.5,30.1,0,
83061,2026-09-13,83061001,FREJUS,5.2,16.2,28.4,0,11.88
83069,2026-09-13,83069001,HYERES,7.4,14,27.6,0.2,16.2
83126,2026-09-13,83137001,TOULON,3.8,15.7,28.4,0,16.92
83137,2026-09-13,83137001,TOULON,3.7,15.7,28.4,0,16.92
84007,2026-09-13,84007005,AVIGNON,6.5,10.4,31.6,0,18.36
85191,2026-09-13,85191003,LA ROCHE SUR YON,5.1,13.6,28.9,0.2,17.28
85194,2026-09-13,85060002,CHATEAU-D'OLONNE,6.1,15.7,26,0.2,15.48
86194,2026-09-13,86027001,POITIERS-BIARD,4.5,11.9,29.7,0,13.68
87085,2026-09-13,87085006,LIMOGES-BELLEGARDE,4,14.3,28.6,0,17.28
90010,2026-09-13,90035001,DORANS,6,10.8,25.6,4.2,18
91174,2026-09-13,91103001,BRETIGNY_SAPC,10.2,13.1,28.6,0,
91228,2026-09-13,91103001,BRETIGNY_SAPC,8.4,13.1,28.6,0,
91377,2026-09-13,78640001,VILLACOUBLAY,7,15,26.8,0,20.16
91589,2026-09-13,91027002,ORLY,5.1,14.8,28.4,0,19.8
92002,2026-09-13,78640001,VILLACOUBLAY,7.3,15,26.8,0,20.16
92004,2026-09-13,75110001,LARIBOISIERE,5.8,19.3,26.7,0,
92007,2026-09-13,75114001,PARIS-MONTSOURIS,3.4,17.5,26.8,0.2,14.04
92012,2026-09-13,75116008,LONGCHAMP,2,13.3,28.1,0,13.68
92023,2026-09-13,78640001,VILLACOUBLAY,4.3,15,26.8,0,20.16
92024,2026-09-13,75110001,LARIBOISIERE,4.2,19.3,26.7,0,
92025,2026-09-13,92073001,SURESNES,5.8,15.8,27.5,0,
92026,2026-09-13,92073001,SURESNES,3.4,15.8,27.5,0,
92036,2026-09-13,75110001,LARIBOISIERE,7.2,19.3,26.7,0,
92040,2026-09-13,75116008,LONGCHAMP,4,13.3,28.1,0,13.68
92044,2026-09-13,75107005,TOUR EIFFEL,4.1,15.9,24.1,,27.36
92048,2026-09-13,78640001,VILLACOUBLAY,3.8,15,26.8,0,20.16
92049,2026-09-13,75114001,PARIS-MONTSOURIS,1.7,17.5,26.8,0.2,14.04
92050,2026-09-13,92073001,SURESNES,3.8,15.8,27.5,0,
92051,2026-09-13,92073001,SURESNES,2.8,15.8,27.5,0,
92062,2026-09-13,92073001,SURESNES,1.3,15.8,27.5,0,
92063,2026-09-13,92073001,SURESNES,3.9,15.8,27.5,0,
92073,2026-09-13,92073001,SURESNES,1.2,15.8,27.5,0,
93001,2026-09-13,75110001,LARIBOISIERE,4.3,19.3,26.7,0,
93005,2026-09-13,95088001,LE BOURGET,5.3,16.9,27.1,0,19.8
93006,2026-09-13,75110001,LARIBOISIERE,5.6,19.3,26.7,0,
93007,2026-09-13,95088001,LE BOURGET,4,16.9,27.1,0,19.8
93008,2026-09-13,95088001,LE BOURGET,6.8,16.9,27.1,0,19.8
93010,2026-09-13,93050001,NEUILLY-SUR-M.,6.6,14,28.6,0,
93027,2026-09-13,95088001,LE BOURGET,4.3,16.9,27.1,0,19.8
93029,2026-09-13,95088001,LE BOURGET,4.9,16.9,27.1,0,19.8
93031,2026-09-13,95088001,LE BOURGET,8.2,16.9,27.1,0,19.8
93032,2026-09-13,93050001,NEUILLY-SUR-M.,2.5,14,28.6,0,
93046,2026-09-13,93050001,NEUILLY-SUR-M.,6.6,14,28.6,0,
93048,2026-09-13,94068001,ST-MAUR,6.9,15.6,27.4,0,
93050,2026-09-13,93050001,NEUILLY-SUR-M.,0.6,14,28.6,0,
93051,2026-09-13,93050001,NEUILLY-SUR-M.,3.1,14,28.6,0,
93053,2026-09-13,93050001,NEUILLY-SUR-M.,7.4,14,28.6,0,
93055,2026-09-13,75110001,LARIBOISIERE,4.6,19.3,26.7,0,
93064,2026-09-13,93050001,NEUILLY-SUR-M.,4.6,14,28.6,0,
93066,2026-09-13,95088001,LE BOURGET,5.6,16.9,27.1,0,19.8
93070,2026-09-13,75110001,LARIBOISIERE,3.5,19.3,26.7,0,
93071,2026-09-13,95088001,LE BOURGET,8.2,16.9,27.1,0,19.8
93072,2026-09-13,95088001,LE BOURGET,3.2,16.9,27.1,0,19.8
93073,2026-09-13,95527001,ROISSY,4.6,17.5,26.6,0,20.52
93078,2026-09-13,95527001,ROISSY,6.6,17.5,26.6,0,20.52
94002,2026-09-13,94068001,ST-MAUR,5.4,15.6,27.4,0,
94017,2026-09-13,94068001,ST-MAUR,2.3,15.6,27.4,0,
94022,2026-09-13,91027002,ORLY,5.3,14.8,28.4,0,19.8
94028,2026-09-13,94068001,ST-MAUR,4,15.6,27.4,0,
94033,2026-09-13,94068001,ST-MAUR,4.8,15.6,27.4,0,
94041,2026-09-13,75114001,PARIS-MONTSOURIS,3.8,17.5,26.8,0.2,14.04
94046,2026-09-13,94068001,ST-MAUR,3.9,15.6,27.4,0,
94068,2026-09-13,94068001,ST-MAUR,1,15.6,27.4,0,
94076,2026-09-13,75114001,PARIS-MONTSOURIS,3.5,17.5,26.8,0.2,14.04
94080,2026-09-13,94068001,ST-MAUR,5.8,15.6,27.4,0,
94081,2026-09-13,75114001,PARIS-MONTSOURIS,5.5,17.5,26.8,0.2,14.04
95018,2026-09-13,92073001,SURESNES,8.9,15.8,27.5,0,
95127,2026-09-13,95078001,PONTOISE - AERO,6.1,13.8,26.5,0,20.88
95252,2026-09-13,78005002,ACHERES,7.1,13,27.5,0,13.32
95268,2026-09-13,95088001,LE BOURGET,1.8,16.9,27.1,0,19.8
95585,2026-09-13,95088001,LE BOURGET,4.1,16.9,27.1,0,19.8
01053,2026-09-14,01072001,CEYZERIAT_SAPC,3.1,11,29.3,0,
02691,2026-09-14,02320001,ST QUENTIN,6.2,16.3,25,0.2,13.68
05061,2026-09-14,05061009,GAP,1.5,13.6,28.4,0,23.76
06004,2026-09-14,06004004,ANTIBES-GOLF,1.1,17.4,29.6,0,
06027,2026-09-14,06088001,NICE,5.3,20.7,27.2,0,18.36
06029,2026-09-14,06029001,CANNES,5.4,17.2,27.3,0,15.48
06030,2026-09-14,06029001,CANNES,4.5,17.2,27.3,0,15.48
06069,2026-09-14,06038001,CHATEAUNEUF GRASSE,5.4,17.3,28,0,14.04
06088,2026-09-14,06088007,NICE-RIMIEZ,4.5,17.6,26.9,0,17.64
08105,2026-09-14,08105005,CHARLEVILLE-MEZ,6.3,17.6,26.8,0.2,13.32
10387,2026-09-14,10030001,TROYES-BARBEREY,5.5,11.8,29.7,0,12.96
11069,2026-09-14,11069001,CARCASSONNE,4.4,13.2,34.4,0,24.48
11262,2026-09-14,11262005,NARBONNE,6.3,20,36.8,0,25.2
13001,2026-09-14,13001009,AIX EN PROVENCE,3,14.1,32.7,0,11.16
13004,2026-09-14,13004003,ARLES,5.1,16.1,33.9,0,25.2
13005,2026-09-14,13005003,AUBAGNE,3.5,12.2,31.4,0,13.68
13028,2026-09-14,13028001,BEC DE L AIGLE,3.8,19,27.7,0,19.8
13047,2026-09-14,13047001,ISTRES,3,17,33.4,0,22.32
13055,2026-09-14,13055001,MARSEILLE-OBS,3,17.1,30,0,
13056,2026-09-14,13054001,MARIGNANE,14.7,14.2,32.4,0,19.8
13103,2026-09-14,13103001,SALON DE PROVENCE,5.8,11.6,32.9,0.2,16.2
14118,2026-09-14,14137001,CAEN-CARPIQUET,6.1,15.8,26.7,0.2,15.12
16015,2026-09-14,16113001,LA COURONNE,4,11.5,34.1,0,11.88
17300,2026-09-14,17300009,LA ROCHELLE-ILE DE RE,2.2,15.7,29.6,0,21.6
18033,2026-09-14,18033001,BOURGES,3.6,13.3,31.6,0,9.36
19031,2026-09-14,19031008,BRIVE,3.2,11.7,34.4,0,9.72
21231,2026-09-14,21231001,DIJON,2,12.8,30.3,0,
22278,2026-09-14,22372001,ST BRIEUC,7,12,24.4,0.4,16.92
25056,2026-09-14,25056001,BESANCON,2.2,14.4,27.3,0,12.96
26198,2026-09-14,26198001,MONTELIMAR,3.1,17.6,31,0,38.16
26362,2026-09-14,26064001,VALENCE-CHABEUI,4.5,15.1,31.6,0,34.2
27229,2026-09-14,27306001,GUICHAINVILLE,5.5,13.7,29.4,0,
28085,2026-09-14,28070001,CHARTRES,1.4,13.3,30.4,0,9.36
29019,2026-09-14,29075001,BREST-GUIPAVAS,9.5,11.8,26.3,0.2,11.16
29232,2026-09-14,29216001,QUIMPER,5.5,12.5,27.1,0.2,15.12
2A004,2026-09-14,20004014,AJACCIO-MILELLI_SAPC,2.1,17.7,29.9,0,
2B033,2026-09-14,20033015,BASTIA_SAPC,2.6,19.8,30.9,0,
30007,2026-09-14,30243001,ST CHRISTOL-LES-ALES,3.7,13.5,35.8,0,
30189,2026-09-14,30189001,NIMES-COURBESSAC,5.8,18.1,36,0,25.56
31149,2026-09-14,31069001,TOULOUSE-BLAGNAC,4.5,13.3,33.2,0,12.6
31555,2026-09-14,31069001,TOULOUSE-BLAGNAC,4.9,13.3,33.2,0,12.6
33063,2026-09-14,33063001,BORDEAUX-PAULIN,1.4,15.1,35.8,0,
33281,2026-09-14,33281001,BORDEAUX-MERIGNAC,0.7,15.1,34.7,0,20.88
33318,2026-09-14,33281001,BORDEAUX-MERIGNAC,5,15.1,34.7,0,20.88
33522,2026-09-14,33550001,VILLENAVE D'ORNON-INRAE,2.2,15.3,34.7,0,
33550,2026-09-14,33080001,CADAUJAC-INRAE,2.4,13.5,34.7,0,
34032,2026-09-14,34032002,BEZIERS-COURTADE,6.6,11.3,36,0,
34172,2026-09-14,34337001,VILLENEUVE-LES-MAG-INRAE,8.2,17.9,35.3,0,
34301,2026-09-14,34301002,SETE,4.1,21.3,34,0,29.52
35238,2026-09-14,35238003,RENNES GALLET,3.5,15.4,30.3,0,
35288,2026-09-14,35228001,DINARD,8.6,16.1,23.5,0.4,15.12
36044,2026-09-14,36063001,CHATEAUROUX  DEOLS,8.4,12.7,32.5,0,11.16
37122,2026-09-14,37122001,JOUE-LES-TOURS OB,1.4,12.7,33.8,0,
37261,2026-09-14,37179001,TOURS,6.1,15,31.5,0,13.32
38185,2026-09-14,38185012,GRENOBLE-CEA-RADOME,4,14,31.1,0,12.96
38421,2026-09-14,38185012,GRENOBLE-CEA-RADOME,7.4,14,31.1,0,12.96
41018,2026-09-14,41018001,BLOIS - VILLE,2.7,11.9,33.1,0,
42218,2026-09-14,42218011,SAINT-ETIENNE,1.3,12.6,28.6,0,15.84
44109,2026-09-14,44109012,NANTES-VILLE,3.7,12.3,32.2,0,
44143,2026-09-14,44020001,NANTES-BOUGUENAIS,4.7,11.9,31.7,0,14.04
44162,2026-09-14,44020001,NANTES-BOUGUENAIS,8.5,11.9,31.7,0,14.04
44184,2026-09-14,44103001,ST NAZAIRE-MONTOIR,7.6,12.6,28,0.2,18.72
45169,2026-09-14,45055001,ORLEANS,8.2,13.3,31.2,0,12.6
45234,2026-09-14,45193001,MARCILLY-EN-V.,14.2,12.1,33.6,0,
49007,2026-09-14,49007011,ANGERS VILLE,3.2,15.3,33.1,0,
49099,2026-09-14,49099003,CHOLET,4.9,13.9,31.4,0,11.52
50129,2026-09-14,50209001,GONNEVILLE,12.7,15.9,21.8,0.2,17.28
51108,2026-09-14,51242001,FAGNIERES-INRAE,6,14.5,28.8,0,
51454,2026-09-14,51449002,REIMS-PRUNAY,8.7,14,28.3,0.2,13.32
53130,2026-09-14,53130008,LAVAL-ETRONNIER,3.5,13.7,31.5,0,13.32
54395,2026-09-14,54526001,NANCY-ESSEY,3.5,14.9,27.8,0,12.96
56121,2026-09-14,56185001,LORIENT-LANN BIHOUE,4.4,13.2,25.5,0.2,18
56260,2026-09-14,56243001,VANNES-SENE,6.5,12.2,28.7,0.2,9.72
57463,2026-09-14,57039001,METZ-FRESCATY,6.5,16,27.5,0,8.28
57672,2026-09-14,57689001,VALMESTROFF,8.7,16.6,26.9,0,10.08
59009,2026-09-14,59512001,ROUBAIX,8,18.1,25.1,0,
59178,2026-09-14,59178001,DOUAI,2.7,17.8,26,0.2,
59183,2026-09-14,59183001,DUNKERQUE,4.2,18.7,21.4,0,20.52
59350,2026-09-14,59343001,LILLE-LESQUIN,7.7,18,25.2,0,15.48
59378,2026-09-14,59512001,ROUBAIX,6.4,18.1,25.1,0,
59512,2026-09-14,59512001,ROUBAIX,2.1,18.1,25.1,0,
59599,2026-09-14,59512001,ROUBAIX,2.2,18.1,25.1,0,
59606,2026-09-14,59606004,VALENCIENNES,5.3,17.6,24.7,0,17.28
59650,2026-09-14,59512001,ROUBAIX,2.6,18.1,25.1,0,
60057,2026-09-14,60639001,BEAUVAIS-TILLE,2.9,13.2,27.2,0.2,13.32
60159,2026-09-14,60382001,MARGNY-LES-COMPIEGNE,5,14.9,26.1,0.2,10.8
62041,2026-09-14,62873001,ARRAS,8.2,17.2,24.5,0,17.64
62160,2026-09-14,62160001,BOULOGNE-SEM,0.5,17.6,18.4,0,23.76
62193,2026-09-14,62548002,CALAIS-MARCK,6.2,18.4,20.2,0.6,26.64
63113,2026-09-14,63113001,CLERMONT-FD,2.8,12.3,29.9,0,14.04
64024,2026-09-14,64024001,BIARRITZ-PAYS-BASQUE,2.5,15,27.7,0.2,20.88
64102,2026-09-14,64024001,BIARRITZ-PAYS-BASQUE,6.1,15,27.7,0.2,20.88
64445,2026-09-14,64549001,PAU-UZEIN,9.2,12.8,33.7,0,14.04
65440,2026-09-14,65344001,TARBES-LOURDES-PYRENEES,7.7,11.3,32.2,0,17.64
66136,2026-09-14,66136001,PERPIGNAN,5,20.2,35.9,0,22.32
67482,2026-09-14,67482001,STRASBOURG - BOTANIQUE,1.5,16.4,26.8,0,
68066,2026-09-14,68066001,COLMAR-INRAE,7.1,15.1,28.3,0,
68224,2026-09-14,68224006,MULHOUSE,2.8,15.8,27.5,0,9.72
69029,2026-09-14,69029001,LYON-BRON,3.3,14.4,30.4,0,24.84
69034,2026-09-14,69123002,LYON TETE D'OR,2.9,15.9,30.9,0,
69123,2026-09-14,69123002,LYON TETE D'OR,2.3,15.9,30.9,0,
69149,2026-09-14,69204002,ST-GENIS-LAVAL,2.7,16.1,31.2,0,
69256,2026-09-14,69123002,LYON TETE D'OR,5.4,15.9,30.9,0,
69259,2026-09-14,69029001,LYON-BRON,5.8,14.4,30.4,0,24.84
69266,2026-09-14,69123002,LYON TETE D'OR,2.7,15.9,30.9,0,
69290,2026-09-14,69029001,LYON-BRON,2.2,14.4,30.4,0,24.84
71076,2026-09-14,71081001,CHALON-CHAMPFO,4.6,12.6,29.5,0,12.24
72181,2026-09-14,72181001,LE MANS,4,14.1,32.2,0,10.08
73065,2026-09-14,73064001,CHALLES LES EAUX,5.3,11.2,30.4,0,
74010,2026-09-14,74093001,CRAN-GEVRIER,1.7,11.3,29.7,0,
74012,2026-09-14,74133001,GAILLARD,3.2,11.2,30.8,0,
74281,2026-09-14,74281001,THONON-INRAE,1.9,15.5,27.2,0,
75056,2026-09-14,75106001,LUXEMBOURG,1.7,18.4,30.3,0,
76351,2026-09-14,76552001,CAP-DE-LA-HEVE,4.6,16.9,22.9,0,12.6
76540,2026-09-14,76540009,ROUEN - JARDIN,2.3,15.6,28,0,
77108,2026-09-14,93050001,NEUILLY-SUR-M.,4.5,15.4,30.3,0,
77284,2026-09-14,77084001,CHANGIS,8,14.5,30.5,0,12.6
77288,2026-09-14,77306001,MELUN,7.8,14.1,30.1,0,11.52
77373,2026-09-14,77468001,TORCY,8.7,15.4,29.9,0,9.36
78361,2026-09-14,78354001,MAGNANVILLE,3.8,14,29.4,0,11.88
78498,2026-09-14,78481001,LE PECQ,7.8,16,30.5,0,
78551,2026-09-14,78481001,LE PECQ,4.9,16,30.5,0,
78586,2026-09-14,78005002,ACHERES,6.2,14.5,29.8,0,10.08
78646,2026-09-14,78646002,VERSAILLES- INRAE,2.1,14.3,29.1,0,
79191,2026-09-14,79191005,NIORT,4.9,13.5,32.1,0,12.24
80021,2026-09-14,80379002,AMIENS-GLISY,7.6,17,25.5,0,9.72
81004,2026-09-14,81284001,ALBI,2,12.7,34.7,0,19.08
81065,2026-09-14,81182004,MONTREDON-LABESSONNIE,15.3,15.2,30.8,0,16.2
82121,2026-09-14,82121002,MONTAUBAN,1.2,11.7,33.9,0,12.96
83050,2026-09-14,83050007,DRAGUIGNAN_SAPC,1.3,15.8,30.8,0,
83061,2026-09-14,83061001,FREJUS,5.2,16.1,28,0,11.52
83069,2026-09-14,83069001,HYERES,7.4,14.4,27.6,0,23.04
83126,2026-09-14,83137001,TOULON,3.8,16.3,28.8,0,19.44
83137,2026-09-14,83137001,TOULON,3.7,16.3,28.8,0,19.44
84007,2026-09-14,84007005,AVIGNON,6.5,13.3,33.7,0,37.08
85191,2026-09-14,85191003,LA ROCHE SUR YON,5.1,12.7,31.1,0,13.68
85194,2026-09-14,85060002,CHATEAU-D'OLONNE,6.1,12.6,28,0,12.96
86194,2026-09-14,86027001,POITIERS-BIARD,4.5,13.8,32.3,0,9.72
87085,2026-09-14,87085006,LIMOGES-BELLEGARDE,4,16.5,31,0,14.04
90010,2026-09-14,90035001,DORANS,6,14.7,26.7,0,9.36
91174,2026-09-14,91103001,BRETIGNY_SAPC,10.2,15.4,30.1,0,
91228,2026-09-14,91103001,BRETIGNY_SAPC,8.4,15.4,30.1,0,
91377,2026-09-14,78640001,VILLACOUBLAY,7,15.4,28.4,0,13.68
91589,2026-09-14,91027002,ORLY,5.1,16.2,30.1,0,12.6
92002,2026-09-14,78640001,VILLACOUBLAY,7.3,15.4,28.4,0,13.68
92004,2026-09-14,75110001,LARIBOISIERE,5.8,19.7,28.2,0,
92007,2026-09-14,75114001,PARIS-MONTSOURIS,3.4,17.8,28.8,0,10.44
92012,2026-09-14,75116008,LONGCHAMP,2,14.9,30.1,0,10.44
92023,2026-09-14,78640001,VILLACOUBLAY,4.3,15.4,28.4,0,13.68
92024,2026-09-14,75110001,LARIBOISIERE,4.2,19.7,28.2,0,
92025,2026-09-14,92073001,SURESNES,5.8,18.4,29.5,0,
92026,2026-09-14,92073001,SURESNES,3.4,18.4,29.5,0,
92036,2026-09-14,75110001,LARIBOISIERE,7.2,19.7,28.2,0,
92040,2026-09-14,75116008,LONGCHAMP,4,14.9,30.1,0,10.44
92044,2026-09-14,75107005,TOUR EIFFEL,4.1,17.2,26.5,,25.56
92048,2026-09-14,78640001,VILLACOUBLAY,3.8,15.4,28.4,0,13.68
92049,2026-09-14,75114001,PARIS-MONTSOURIS,1.7,17.8,28.8,0,10.44
92050,2026-09-14,92073001,SURESNES,3.8,18.4,29.5,0,
92051,2026-09-14,92073001,SURESNES,2.8,18.4,29.5,0,
92062,2026-09-14,92073001,SURESNES,1.3,18.4,29.5,0,
92063,2026-09-14,92073001,SURESNES,3.9,18.4,29.5,0,
92073,2026-09-14,92073001,SURESNES,1.2,18.4,29.5,0,
93001,2026-09-14,75110001,LARIBOISIERE,4.3,19.7,28.2,0,
93005,2026-09-14,95088001,LE BOURGET,5.3,16.4,29.2,0,12.6
93006,2026-09-14,75110001,LARIBOISIERE,5.6,19.7,28.2,0,
93007,2026-09-14,95088001,LE BOURGET,4,16.4,29.2,0,12.6
93008,2026-09-14,95088001,LE BOURGET,6.8,16.4,29.2,0,12.6
93010,2026-09-14,93050001,NEUILLY-SUR-M.,6.6,15.4,30.3,0,
93027,2026-09-14,95088001,LE BOURGET,4.3,16.4,29.2,0,12.6
93029,2026-09-14,95088001,LE BOURGET,4.9,16.4,29.2,0,12.6
93031,2026-09-14,95088001,LE BOURGET,8.2,16.4,29.2,0,12.6
93032,2026-09-14,93050001,NEUILLY-SUR-M.,2.5,15.4,30.3,0,
93046,2026-09-14,93050001,NEUILLY-SUR-M.,6.6,15.4,30.3,0,
93048,2026-09-14,94068001,ST-MAUR,6.9,16.7,30.3,0,
93050,2026-09-14,93050001,NEUILLY-SUR-M.,0.6,15.4,30.3,0,
93051,2026-09-14,93050001,NEUILLY-SUR-M.,3.1,15.4,30.3,0,
93053,2026-09-14,93050001,NEUILLY-SUR-M.,7.4,15.4,30.3,0,
93055,2026-09-14,75110001,LARIBOISIERE,4.6,19.7,28.2,0,
93064,2026-09-14,93050001,NEUILLY-SUR-M.,4.6,15.4,30.3,0,
93066,2026-09-14,95088001,LE BOURGET,5.6,16.4,29.2,0,12.6
93070,2026-09-14,75110001,LARIBOISIERE,3.5,19.7,28.2,0,
93071,2026-09-14,95088001,LE BOURGET,8.2,16.4,29.2,0,12.6
93072,2026-09-14,95088001,LE BOURGET,3.2,16.4,29.2,0,12.6
93073,2026-09-14,95527001,ROISSY,4.6,16.6,29.1,0,15.84
93078,2026-09-14,95527001,ROISSY,6.6,16.6,29.1,0,15.84
94002,2026-09-14,94068001,ST-MAUR,5.4,16.7,30.3,0,
94017,2026-09-14,94068001,ST-MAUR,2.3,16.7,30.3,0,
94022,2026-09-14,91027002,ORLY,5.3,16.2,30.1,0,12.6
94028,2026-09-14,94068001,ST-MAUR,4,16.7,30.3,0,
94033,2026-09-14,94068001,ST-MAUR,4.8,16.7,30.3,0,
94041,2026-09-14,75114001,PARIS-MONTSOURIS,3.8,17.8,28.8,0,10.44
94046,2026-09-14,94068001,ST-MAUR,3.9,16.7,30.3,0,
94068,2026-09-14,94068001,ST-MAUR,1,16.7,30.3,0,
94076,2026-09-14,75114001,PARIS-MONTSOURIS,3.5,17.8,28.8,0,10.44
94080,2026-09-14,94068001,ST-MAUR,5.8,16.7,30.3,0,
94081,2026-09-14,75114001,PARIS-MONTSOURIS,5.5,17.8,28.8,0,10.44
95018,2026-09-14,92073001,SURESNES,8.9,18.4,29.5,0,
95127,2026-09-14,95078001,PONTOISE - AERO,6.1,14.5,28.4,0.2,14.04
95252,2026-09-14,78005002,ACHERES,7.1,14.5,29.8,0,10.08
95268,2026-09-14,95088001,LE BOURGET,1.8,16.4,29.2,0,12.6
95585,2026-09-14,95088001,LE BOURGET,4.1,16.4,29.2,0,12.6
01053,2026-09-15,01072001,CEYZERIAT_SAPC,3.1,12.7,31.8,0,
02691,2026-09-15,02320001,ST QUENTIN,6.2,14.5,31.7,0,28.44
05061,2026-09-15,05061009,GAP,1.5,14.1,28.5,0,12.24
06004,2026-09-15,06004004,ANTIBES-GOLF,1.1,17.4,30,0,
06027,2026-09-15,06088001,NICE,5.3,21.8,28.1,0,16.92
06029,2026-09-15,06029001,CANNES,5.4,17.4,28.6,0,18.72
06030,2026-09-15,06029001,CANNES,4.5,17.4,28.6,0,18.72
06069,2026-09-15,06038001,CHATEAUNEUF GRASSE,5.4,19.2,28.9,0,12.6
06088,2026-09-15,06088007,NICE-RIMIEZ,4.5,19,27.2,0,16.92
08105,2026-09-15,08105005,CHARLEVILLE-MEZ,6.3,10.4,30.7,0,22.68
10387,2026-09-15,10030001,TROYES-BARBEREY,5.5,14.2,33,0,33.48
11069,2026-09-15,11069001,CARCASSONNE,4.4,14.3,33.9,0,28.08
11262,2026-09-15,11262005,NARBONNE,6.3,20.4,31.5,0,32.76
13001,2026-09-15,13001009,AIX EN PROVENCE,3,16.1,31.9,0,13.32
13004,2026-09-15,13004003,ARLES,5.1,16.3,29.4,0,16.92
13005,2026-09-15,13005003,AUBAGNE,3.5,14.5,31,0,14.4
13028,2026-09-15,13028001,BEC DE L AIGLE,3.8,20.8,26.8,0,19.44
13047,2026-09-15,13047001,ISTRES,3,18.5,29.6,0,20.52
13055,2026-09-15,13055001,MARSEILLE-OBS,3,19.5,29.5,0,
13056,2026-09-15,13054001,MARIGNANE,14.7,16.7,30.3,0,18.72
13103,2026-09-15,13103001,SALON DE PROVENCE,5.8,13.4,30.5,0,16.56
14118,2026-09-15,14137001,CAEN-CARPIQUET,6.1,13.5,23.3,0.8,30.6
16015,2026-09-15,16113001,LA COURONNE,4,12.4,35.2,0,17.28
17300,2026-09-15,17300009,LA ROCHELLE-ILE DE RE,2.2,16.2,26.8,0,43.92
18033,2026-09-15,18033001,BOURGES,3.6,15.2,33.7,0,19.44
19031,2026-09-15,19031008,BRIVE,3.2,13.6,34.9,0,17.64
21231,2026-09-15,21231001,DIJON,2,13.6,31.8,0,
22278,2026-09-15,22372001,ST BRIEUC,7,13.8,20.7,0.4,32.4
25056,2026-09-15,25056001,BESANCON,2.2,14.1,30.5,0,10.8
26198,2026-09-15,26198001,MONTELIMAR,3.1,15.6,32.1,0,15.84
26362,2026-09-15,26064001,VALENCE-CHABEUI,4.5,13.6,33,0,28.44
27229,2026-09-15,27306001,GUICHAINVILLE,5.5,13.2,32,0,
28085,2026-09-15,28070001,CHARTRES,1.4,12.4,31.9,0,25.56
29019,2026-09-15,29075001,BREST-GUIPAVAS,9.5,12.1,20.3,1.2,26.28
29232,2026-09-15,29216001,QUIMPER,5.5,12.6,21.4,1,31.32
2A004,2026-09-15,20004014,AJACCIO-MILELLI_SAPC,2.1,18,31.4,0,
2B033,2026-09-15,20033015,BASTIA_SAPC,2.6,20.7,30.3,0,
30007,2026-09-15,30243001,ST CHRISTOL-LES-ALES,3.7,15.4,33,0,
30189,2026-09-15,30189001,NIMES-COURBESSAC,5.8,18.1,31.2,0,18
31149,2026-09-15,31069001,TOULOUSE-BLAGNAC,4.5,16,35.1,0,39.96
31555,2026-09-15,31069001,TOULOUSE-BLAGNAC,4.9,16,35.1,0,39.96
33063,2026-09-15,33063001,BORDEAUX-PAULIN,1.4,16.1,35.1,0,
33281,2026-09-15,33281001,BORDEAUX-MERIGNAC,0.7,16.1,33.9,0,32.04
33318,2026-09-15,33281001,BORDEAUX-MERIGNAC,5,16.1,33.9,0,32.04
33522,2026-09-15,33550001,VILLENAVE D'ORNON-INRAE,2.2,16,34.6,0,
33550,2026-09-15,33080001,CADAUJAC-INRAE,2.4,14,34.7,0,
34032,2026-09-15,34032002,BEZIERS-COURTADE,6.6,15.9,30.3,0,
34172,2026-09-15,34337001,VILLENEUVE-LES-MAG-INRAE,8.2,17.9,26.8,0,
34301,2026-09-15,34301002,SETE,4.1,21.5,26.8,0,20.52
35238,2026-09-15,35238003,RENNES GALLET,3.5,14.4,25.6,0,
35288,2026-09-15,35228001,DINARD,8.6,12.4,21.2,1.2,33.48
36044,2026-09-15,36063001,CHATEAUROUX  DEOLS,8.4,13.2,33.7,0,25.92
37122,2026-09-15,37122001,JOUE-LES-TOURS OB,1.4,12.6,33.1,0,
37261,2026-09-15,37179001,TOURS,6.1,14.2,32.2,0,26.28
38185,2026-09-15,38185012,GRENOBLE-CEA-RADOME,4,17.2,32.6,0,10.44
38421,2026-09-15,38185012,GRENOBLE-CEA-RADOME,7.4,17.2,32.6,0,10.44
41018,2026-09-15,41018001,BLOIS - VILLE,2.7,11.5,33.5,0,
42218,2026-09-15,42218011,SAINT-ETIENNE,1.3,13.9,31.7,0,15.12
44109,2026-09-15,44109012,NANTES-VILLE,3.7,12.2,30.4,0,
44143,2026-09-15,44020001,NANTES-BOUGUENAIS,4.7,12.3,29.3,0,25.2
44162,2026-09-15,44020001,NANTES-BOUGUENAIS,8.5,12.3,29.3,0,25.2
44184,2026-09-15,44103001,ST NAZAIRE-MONTOIR,7.6,9.9,27.1,0.2,28.08
45169,2026-09-15,45055001,ORLEANS,8.2,14.1,33.5,0,34.2
45234,2026-09-15,45193001,MARCILLY-EN-V.,14.2,13.8,34.4,0,
49007,2026-09-15,49007011,ANGERS VILLE,3.2,13.9,32,0,
49099,2026-09-15,49099003,CHOLET,4.9,15.9,29.5,0,22.32
50129,2026-09-15,50209001,GONNEVILLE,12.7,14.8,19.8,0.2,30.96
51108,2026-09-15,51242001,FAGNIERES-INRAE,6,13.8,32.2,0,
51454,2026-09-15,51449002,REIMS-PRUNAY,8.7,12.9,32.1,0,39.6
53130,2026-09-15,53130008,LAVAL-ETRONNIER,3.5,13.7,27.8,0,32.4
54395,2026-09-15,54526001,NANCY-ESSEY,3.5,12.7,31.6,0,15.12
56121,2026-09-15,56185001,LORIENT-LANN BIHOUE,4.4,11,22.9,0.2,25.92
56260,2026-09-15,56243001,VANNES-SENE,6.5,10.7,26.7,0,24.12
57463,2026-09-15,57039001,METZ-FRESCATY,6.5,12.5,31.2,0,23.4
57672,2026-09-15,57689001,VALMESTROFF,8.7,13.7,31.1,0,16.56
59009,2026-09-15,59512001,ROUBAIX,8,14.7,27.8,0,
59178,2026-09-15,59178001,DOUAI,2.7,13.2,30.1,0,
59183,2026-09-15,59183001,DUNKERQUE,4.2,15.6,22.5,1.4,29.88
59350,2026-09-15,59343001,LILLE-LESQUIN,7.7,14.3,29,0,31.68
59378,2026-09-15,59512001,ROUBAIX,6.4,14.7,27.8,0,
59512,2026-09-15,59512001,ROUBAIX,2.1,14.7,27.8,0,
59599,2026-09-15,59512001,ROUBAIX,2.2,14.7,27.8,0,
59606,2026-09-15,59606004,VALENCIENNES,5.3,12.5,30.5,0,30.24
59650,2026-09-15,59512001,ROUBAIX,2.6,14.7,27.8,0,
60057,2026-09-15,60639001,BEAUVAIS-TILLE,2.9,11.2,30.8,0,37.08
60159,2026-09-15,60382001,MARGNY-LES-COMPIEGNE,5,15.5,31.3,0,31.68
62041,2026-09-15,62873001,ARRAS,8.2,13.1,29.3,0,30.96
62160,2026-09-15,62160001,BOULOGNE-SEM,0.5,15.8,19.2,0.2,31.68
62193,2026-09-15,62548002,CALAIS-MARCK,6.2,15.2,22.3,0.2,28.8
63113,2026-09-15,63113001,CLERMONT-FD,2.8,15.4,33.1,0,22.32
64024,2026-09-15,64024001,BIARRITZ-PAYS-BASQUE,2.5,15.6,24.5,0,38.52
64102,2026-09-15,64024001,BIARRITZ-PAYS-BASQUE,6.1,15.6,24.5,0,38.52
64445,2026-09-15,64549001,PAU-UZEIN,9.2,14.6,29.3,0.4,35.28
65440,2026-09-15,65344001,TARBES-LOURDES-PYRENEES,7.7,13.8,29.5,0,28.44
66136,2026-09-15,66136001,PERPIGNAN,5,18.8,30.1,0,25.56
67482,2026-09-15,67482001,STRASBOURG - BOTANIQUE,1.5,14.9,29.8,0,
68066,2026-09-15,68066001,COLMAR-INRAE,7.1,10.2,31.5,0,
68224,2026-09-15,68224006,MULHOUSE,2.8,11.9,30.4,0,19.8
69029,2026-09-15,69029001,LYON-BRON,3.3,15.4,32.6,0,19.08
69034,2026-09-15,69123002,LYON TETE D'OR,2.9,16.2,33.6,0,
69123,2026-09-15,69123002,LYON TETE D'OR,2.3,16.2,33.6,0,
69149,2026-09-15,69204002,ST-GENIS-LAVAL,2.7,16.1,33.1,0,
69256,2026-09-15,69123002,LYON TETE D'OR,5.4,16.2,33.6,0,
69259,2026-09-15,69029001,LYON-BRON,5.8,15.4,32.6,0,19.08
69266,2026-09-15,69123002,LYON TETE D'OR,2.7,16.2,33.6,0,
69290,2026-09-15,69029001,LYON-BRON,2.2,15.4,32.6,0,19.08
71076,2026-09-15,71081001,CHALON-CHAMPFO,4.6,12.9,31.7,0,14.04
72181,2026-09-15,72181001,LE MANS,4,12.4,31.9,0,27.36
73065,2026-09-15,73064001,CHALLES LES EAUX,5.3,12.8,31.2,0.2,
74010,2026-09-15,74093001,CRAN-GEVRIER,1.7,12.3,30.3,0,
74012,2026-09-15,74133001,GAILLARD,3.2,12,31,0,
74281,2026-09-15,74281001,THONON-INRAE,1.9,15.3,26.1,0,
75056,2026-09-15,75106001,LUXEMBOURG,1.7,18,33.2,0,
76351,2026-09-15,76552001,CAP-DE-LA-HEVE,4.6,17.6,20.1,0,25.92
76540,2026-09-15,76540009,ROUEN - JARDIN,2.3,13.9,28.3,0.2,
77108,2026-09-15,93050001,NEUILLY-SUR-M.,4.5,14.2,34.1,0,
77284,2026-09-15,77084001,CHANGIS,8,14.4,34,0,29.16
77288,2026-09-15,77306001,MELUN,7.8,14.2,34.3,0,34.92
77373,2026-09-15,77468001,TORCY,8.7,14.2,33.3,0,15.12
78361,2026-09-15,78354001,MAGNANVILLE,3.8,15.6,33,0,27.72
78498,2026-09-15,78481001,LE PECQ,7.8,14.6,34.3,0,
78551,2026-09-15,78481001,LE PECQ,4.9,14.6,34.3,0,
78586,2026-09-15,78005002,ACHERES,6.2,12.2,33.2,0,23.04
78646,2026-09-15,78646002,VERSAILLES- INRAE,2.1,14,32.6,0,
79191,2026-09-15,79191005,NIORT,4.9,13.3,31.4,0,25.2
80021,2026-09-15,80379002,AMIENS-GLISY,7.6,11.9,29.6,0,31.68
81004,2026-09-15,81284001,ALBI,2,16,35.2,0,30.6
81065,2026-09-15,81182004,MONTREDON-LABESSONNIE,15.3,20.7,34.4,0,27.36
82121,2026-09-15,82121002,MONTAUBAN,1.2,14,34.7,0,30.96
83050,2026-09-15,83050007,DRAGUIGNAN_SAPC,1.3,16.1,31.5,0,
83061,2026-09-15,83061001,FREJUS,5.2,17.4,28.6,0,12.6
83069,2026-09-15,83069001,HYERES,7.4,16.7,29,0,17.28
83126,2026-09-15,83137001,TOULON,3.8,17.8,28.7,0,14.76
83137,2026-09-15,83137001,TOULON,3.7,17.8,28.7,0,14.76
84007,2026-09-15,84007005,AVIGNON,6.5,15,32.3,0,20.52
85191,2026-09-15,85191003,LA ROCHE SUR YON,5.1,14.2,29.5,0,26.64
85194,2026-09-15,85060002,CHATEAU-D'OLONNE,6.1,11.5,26.3,0,28.44
86194,2026-09-15,86027001,POITIERS-BIARD,4.5,12.7,32.3,0,34.56
87085,2026-09-15,87085006,LIMOGES-BELLEGARDE,4,17.7,31.7,0,23.76
90010,2026-09-15,90035001,DORANS,6,13.5,29.2,0,16.2
91174,2026-09-15,91103001,BRETIGNY_SAPC,10.2,14.4,32.8,0,
91228,2026-09-15,91103001,BRETIGNY_SAPC,8.4,14.4,32.8,0,
91377,2026-09-15,78640001,VILLACOUBLAY,7,16.6,31.6,0,33.12
91589,2026-09-15,91027002,ORLY,5.1,15.5,33.4,0,30.96
92002,2026-09-15,78640001,VILLACOUBLAY,7.3,16.6,31.6,0,33.12
92004,2026-09-15,75110001,LARIBOISIERE,5.8,20.7,32.4,0,
92007,2026-09-15,75114001,PARIS-MONTSOURIS,3.4,16.7,32.1,0,30.24
92012,2026-09-15,75116008,LONGCHAMP,2,13.6,33.3,0,29.16
92023,2026-09-15,78640001,VILLACOUBLAY,4.3,16.6,31.6,0,33.12
92024,2026-09-15,75110001,LARIBOISIERE,4.2,20.7,32.4,0,
92025,2026-09-15,92073001,SURESNES,5.8,16.1,32.8,0,
92026,2026-09-15,92073001,SURESNES,3.4,16.1,32.8,0,
92036,2026-09-15,75110001,LARIBOISIERE,7.2,20.7,32.4,0,
92040,2026-09-15,75116008,LONGCHAMP,4,13.6,33.3,0,29.16
92044,2026-09-15,75107005,TOUR EIFFEL,4.1,19.9,30,,49.32
92048,2026-09-15,78640001,VILLACOUBLAY,3.8,16.6,31.6,0,33.12
92049,2026-09-15,75114001,PARIS-MONTSOURIS,1.7,16.7,32.1,0,30.24
92050,2026-09-15,92073001,SURESNES,3.8,16.1,32.8,0,
92051,2026-09-15,92073001,SURESNES,2.8,16.1,32.8,0,
92062,2026-09-15,92073001,SURESNES,1.3,16.1,32.8,0,
92063,2026-09-15,92073001,SURESNES,3.9,16.1,32.8,0,
92073,2026-09-15,92073001,SURESNES,1.2,16.1,32.8,0,
93001,2026-09-15,75110001,LARIBOISIERE,4.3,20.7,32.4,0,
93005,2026-09-15,95088001,LE BOURGET,5.3,16.3,32.9,0,25.2
93006,2026-09-15,75110001,LARIBOISIERE,5.6,20.7,32.4,0,
93007,2026-09-15,95088001,LE BOURGET,4,16.3,32.9,0,25.2
93008,2026-09-15,95088001,LE BOURGET,6.8,16.3,32.9,0,25.2
93010,2026-09-15,93050001,NEUILLY-SUR-M.,6.6,14.2,34.1,0,
93027,2026-09-15,95088001,LE BOURGET,4.3,16.3,32.9,0,25.2
93029,2026-09-15,95088001,LE BOURGET,4.9,16.3,32.9,0,25.2
93031,2026-09-15,95088001,LE BOURGET,8.2,16.3,32.9,0,25.2
93032,2026-09-15,93050001,NEUILLY-SUR-M.,2.5,14.2,34.1,0,
93046,2026-09-15,93050001,NEUILLY-SUR-M.,6.6,14.2,34.1,0,
93048,2026-09-15,94068001,ST-MAUR,6.9,15.7,34.6,0,
93050,2026-09-15,93050001,NEUILLY-SUR-M.,0.6,14.2,34.1,0,
93051,2026-09-15,93050001,NEUILLY-SUR-M.,3.1,14.2,34.1,0,
93053,2026-09-15,93050001,NEUILLY-SUR-M.,7.4,14.2,34.1,0,
93055,2026-09-15,75110001,LARIBOISIERE,4.6,20.7,32.4,0,
93064,2026-09-15,93050001,NEUILLY-SUR-M.,4.6,14.2,34.1,0,
93066,2026-09-15,95088001,LE BOURGET,5.6,16.3,32.9,0,25.2
93070,2026-09-15,75110001,LARIBOISIERE,3.5,20.7,32.4,0,
93071,2026-09-15,95088001,LE BOURGET,8.2,16.3,32.9,0,25.2
93072,2026-09-15,95088001,LE BOURGET,3.2,16.3,32.9,0,25.2
93073,2026-09-15,95527001,ROISSY,4.6,17.8,33,0,33.12
93078,2026-09-15,95527001,ROISSY,6.6,17.8,33,0,33.12
94002,2026-09-15,94068001,ST-MAUR,5.4,15.7,34.6,0,
94017,2026-09-15,94068001,ST-MAUR,2.3,15.7,34.6,0,
94022,2026-09-15,91027002,ORLY,5.3,15.5,33.4,0,30.96
94028,2026-09-15,94068001,ST-MAUR,4,15.7,34.6,0,
94033,2026-09-15,94068001,ST-MAUR,4.8,15.7,34.6,0,
94041,2026-09-15,75114001,PARIS-MONTSOURIS,3.8,16.7,32.1,0,30.24
94046,2026-09-15,94068001,ST-MAUR,3.9,15.7,34.6,0,
94068,2026-09-15,94068001,ST-MAUR,1,15.7,34.6,0,
94076,2026-09-15,75114001,PARIS-MONTSOURIS,3.5,16.7,32.1,0,30.24
94080,2026-09-15,94068001,ST-MAUR,5.8,15.7,34.6,0,
94081,2026-09-15,75114001,PARIS-MONTSOURIS,5.5,16.7,32.1,0,30.24
95018,2026-09-15,92073001,SURESNES,8.9,16.1,32.8,0,
95127,2026-09-15,95078001,PONTOISE - AERO,6.1,13.5,32,0,33.48
95252,2026-09-15,78005002,ACHERES,7.1,12.2,33.2,0,23.04
95268,2026-09-15,95088001,LE BOURGET,1.8,16.3,32.9,0,25.2
95585,2026-09-15,95088001,LE BOURGET,4.1,16.3,32.9,0,25.2
01053,2026-09-16,01072001,CEYZERIAT_SAPC,3.1,15.5,20.3,0,
02691,2026-09-16,02320001,ST QUENTIN,6.2,12.2,21.8,0,28.44
05061,2026-09-16,05061009,GAP,1.5,13.6,26.9,0,28.8
06004,2026-09-16,06004004,ANTIBES-GOLF,1.1,19.1,30,0,
06027,2026-09-16,06088001,NICE,5.3,21.4,27.4,0,20.88
06029,2026-09-16,06029001,CANNES,5.4,18.4,27.9,0,25.2
06030,2026-09-16,06029001,CANNES,4.5,18.4,27.9,0,25.2
06069,2026-09-16,06038001,CHATEAUNEUF GRASSE,5.4,18.1,26.8,0,11.16
06088,2026-09-16,06088007,NICE-RIMIEZ,4.5,18.3,26.5,0,19.08
08105,2026-09-16,08105005,CHARLEVILLE-MEZ,6.3,13.3,21.8,0,30.6
10387,2026-09-16,10030001,TROYES-BARBEREY,5.5,14,23.1,0,27
11069,2026-09-16,11069001,CARCASSONNE,4.4,15.5,25.9,1,35.64
11262,2026-09-16,11262005,NARBONNE,6.3,17.9,26.5,1.6,32.4
13001,2026-09-16,13001009,AIX EN PROVENCE,3,16.1,30.4,0,20.88
13004,2026-09-16,13004003,ARLES,5.1,17.8,30.6,0,32.04
13005,2026-09-16,13005003,AUBAGNE,3.5,14.6,29.9,0,19.8
13028,2026-09-16,13028001,BEC DE L AIGLE,3.8,19.9,25.5,0,42.12
13047,2026-09-16,13047001,ISTRES,3,19.8,31.1,0.2,35.64
13055,2026-09-16,13055001,MARSEILLE-OBS,3,20,28.2,0,
13056,2026-09-16,13054001,MARIGNANE,14.7,18.4,31,0,37.08
13103,2026-09-16,13103001,SALON DE PROVENCE,5.8,16.6,30.5,0,34.92
14118,2026-09-16,14137001,CAEN-CARPIQUET,6.1,12.7,20.9,0,24.12
16015,2026-09-16,16113001,LA COURONNE,4,12.1,24.5,0,16.92
17300,2026-09-16,17300009,LA ROCHELLE-ILE DE RE,2.2,15.2,22.2,0,31.68
18033,2026-09-16,18033001,BOURGES,3.6,14.6,23.4,0,16.2
19031,2026-09-16,19031008,BRIVE,3.2,17.8,24.8,0,15.12
21231,2026-09-16,21231001,DIJON,2,16.6,23.3,0,
22278,2026-09-16,22372001,ST BRIEUC,7,11.9,20,0,27.36
25056,2026-09-16,25056001,BESANCON,2.2,14.8,20.2,3.5,9.36
26198,2026-09-16,26198001,MONTELIMAR,3.1,17.6,26.5,0,34.2
26362,2026-09-16,26064001,VALENCE-CHABEUI,4.5,16.5,26.3,0,43.56
27229,2026-09-16,27306001,GUICHAINVILLE,5.5,11.2,22.4,0.2,
28085,2026-09-16,28070001,CHARTRES,1.4,12,22.9,0,18
29019,2026-09-16,29075001,BREST-GUIPAVAS,9.5,11.6,19.2,0.8,21.6
29232,2026-09-16,29216001,QUIMPER,5.5,11.7,21.3,0,25.92
2A004,2026-09-16,20004014,AJACCIO-MILELLI_SAPC,2.1,18.1,32,0,
2B033,2026-09-16,20033015,BASTIA_SAPC,2.6,21.1,30.5,0,
30007,2026-09-16,30243001,ST CHRISTOL-LES-ALES,3.7,17,31.2,0,
30189,2026-09-16,30189001,NIMES-COURBESSAC,5.8,20.1,31.1,0,21.24
31149,2026-09-16,31069001,TOULOUSE-BLAGNAC,4.5,17.9,23,0,30.24
31555,2026-09-16,31069001,TOULOUSE-BLAGNAC,4.9,17.9,23,0,30.24
33063,2026-09-16,33063001,BORDEAUX-PAULIN,1.4,15.6,24.8,0,
33281,2026-09-16,33281001,BORDEAUX-MERIGNAC,0.7,15,24.9,0,24.84
33318,2026-09-16,33281001,BORDEAUX-MERIGNAC,5,15,24.9,0,24.84
33522,2026-09-16,33550001,VILLENAVE D'ORNON-INRAE,2.2,16.1,24.7,0,
33550,2026-09-16,33080001,CADAUJAC-INRAE,2.4,16.2,24.8,0,
34032,2026-09-16,34032002,BEZIERS-COURTADE,6.6,18.2,27.6,0.4,
34172,2026-09-16,34337001,VILLENEUVE-LES-MAG-INRAE,8.2,20,30.9,0,
34301,2026-09-16,34301002,SETE,4.1,19.8,29.1,0.4,27
35238,2026-09-16,35238003,RENNES GALLET,3.5,11.9,22.2,0.2,
35288,2026-09-16,35228001,DINARD,8.6,12.4,20.3,0.2,26.64
36044,2026-09-16,36063001,CHATEAUROUX  DEOLS,8.4,12.3,22.5,0,23.04
37122,2026-09-16,37122001,JOUE-LES-TOURS OB,1.4,10.5,24.3,0,
37261,2026-09-16,37179001,TOURS,6.1,11.3,23,0,16.92
38185,2026-09-16,38185012,GRENOBLE-CEA-RADOME,4,16.8,25.3,0.2,20.52
38421,2026-09-16,38185012,GRENOBLE-CEA-RADOME,7.4,16.8,25.3,0.2,20.52
41018,2026-09-16,41018001,BLOIS - VILLE,2.7,11.2,23.7,0,
42218,2026-09-16,42218011,SAINT-ETIENNE,1.3,14.4,18.4,0,21.24
44109,2026-09-16,44109012,NANTES-VILLE,3.7,11.9,24.2,0,
44143,2026-09-16,44020001,NANTES-BOUGUENAIS,4.7,12,23.8,0.2,19.8
44162,2026-09-16,44020001,NANTES-BOUGUENAIS,8.5,12,23.8,0.2,19.8
44184,2026-09-16,44103001,ST NAZAIRE-MONTOIR,7.6,12.5,23.1,0,20.52
45169,2026-09-16,45055001,ORLEANS,8.2,10.8,22.4,0,24.48
45234,2026-09-16,45193001,MARCILLY-EN-V.,14.2,11.1,24.3,0,
49007,2026-09-16,49007011,ANGERS VILLE,3.2,12.2,24.7,0,
49099,2026-09-16,49099003,CHOLET,4.9,11.5,22.4,0,13.32
50129,2026-09-16,50209001,GONNEVILLE,12.7,13.7,18.3,2.8,24.84
51108,2026-09-16,51242001,FAGNIERES-INRAE,6,13.3,22.8,0,
51454,2026-09-16,51449002,REIMS-PRUNAY,8.7,14.3,23,0,26.28
53130,2026-09-16,53130008,LAVAL-ETRONNIER,3.5,11.6,23,0,23.76
54395,2026-09-16,54526001,NANCY-ESSEY,3.5,16.6,22.3,0,23.04
56121,2026-09-16,56185001,LORIENT-LANN BIHOUE,4.4,11.5,23.1,0.6,28.08
56260,2026-09-16,56243001,VANNES-SENE,6.5,10,25.1,0.2,12.24
57463,2026-09-16,57039001,METZ-FRESCATY,6.5,16.5,22.4,0,24.12
57672,2026-09-16,57689001,VALMESTROFF,8.7,16.8,22.8,0,30.24
59009,2026-09-16,59512001,ROUBAIX,8,13.6,21.2,0,
59178,2026-09-16,59178001,DOUAI,2.7,13.2,23,0,
59183,2026-09-16,59183001,DUNKERQUE,4.2,16.3,19,0,28.44
59350,2026-09-16,59343001,LILLE-LESQUIN,7.7,12.8,21.4,0.2,27.72
59378,2026-09-16,59512001,ROUBAIX,6.4,13.6,21.2,0,
59512,2026-09-16,59512001,ROUBAIX,2.1,13.6,21.2,0,
59599,2026-09-16,59512001,ROUBAIX,2.2,13.6,21.2,0,
59606,2026-09-16,59606004,VALENCIENNES,5.3,12.6,21.2,0,26.64
59650,2026-09-16,59512001,ROUBAIX,2.6,13.6,21.2,0,
60057,2026-09-16,60639001,BEAUVAIS-TILLE,2.9,9.3,22.6,0,29.52
60159,2026-09-16,60382001,MARGNY-LES-COMPIEGNE,5,12.1,22.3,0,22.32
62041,2026-09-16,62873001,ARRAS,8.2,12.2,21.9,0,25.56
62160,2026-09-16,62160001,BOULOGNE-SEM,0.5,14.6,18.1,0,28.44
62193,2026-09-16,62548002,CALAIS-MARCK,6.2,14.9,19,0,29.88
63113,2026-09-16,63113001,CLERMONT-FD,2.8,15.1,21,1,17.28
64024,2026-09-16,64024001,BIARRITZ-PAYS-BASQUE,2.5,18.7,21.9,0.4,20.88
64102,2026-09-16,64024001,BIARRITZ-PAYS-BASQUE,6.1,18.7,21.9,0.4,20.88
64445,2026-09-16,64549001,PAU-UZEIN,9.2,16.8,23,0,21.24
65440,2026-09-16,65344001,TARBES-LOURDES-PYRENEES,7.7,14.8,19.5,3,27.36
66136,2026-09-16,66136001,PERPIGNAN,5,18.6,26.5,3.8,42.12
67482,2026-09-16,67482001,STRASBOURG - BOTANIQUE,1.5,16.8,21.9,1.8,
68066,2026-09-16,68066001,COLMAR-INRAE,7.1,14.6,22.2,1.5,
68224,2026-09-16,68224006,MULHOUSE,2.8,15.7,19.5,3.6,28.8
69029,2026-09-16,69029001,LYON-BRON,3.3,18.9,23,0,28.8
69034,2026-09-16,69123002,LYON TETE D'OR,2.9,19.4,22.5,0,
69123,2026-09-16,69123002,LYON TETE D'OR,2.3,19.4,22.5,0,
69149,2026-09-16,69204002,ST-GENIS-LAVAL,2.7,16.8,22.8,0,
69256,2026-09-16,69123002,LYON TETE D'OR,5.4,19.4,22.5,0,
69259,2026-09-16,69029001,LYON-BRON,5.8,18.9,23,0,28.8
69266,2026-09-16,69123002,LYON TETE D'OR,2.7,19.4,22.5,0,
69290,2026-09-16,69029001,LYON-BRON,2.2,18.9,23,0,28.8
71076,2026-09-16,71081001,CHALON-CHAMPFO,4.6,14.3,24,0,24.48
72181,2026-09-16,72181001,LE MANS,4,10.7,23.5,0,15.84
73065,2026-09-16,73064001,CHALLES LES EAUX,5.3,15.7,25.4,0.2,
74010,2026-09-16,74093001,CRAN-GEVRIER,1.7,14.8,23.7,0.6,
74012,2026-09-16,74133001,GAILLARD,3.2,15.4,24,0.2,
74281,2026-09-16,74281001,THONON-INRAE,1.9,18,23.2,0,
75056,2026-09-16,75106001,LUXEMBOURG,1.7,14.5,23.7,0,
76351,2026-09-16,76552001,CAP-DE-LA-HEVE,4.6,16.4,19.9,0,27
76540,2026-09-16,76540009,ROUEN - JARDIN,2.3,11.2,22.9,0,
77108,2026-09-16,93050001,NEUILLY-SUR-M.,4.5,14.2,24.4,0,
77284,2026-09-16,77084001,CHANGIS,8,12.9,24.1,0,20.16
77288,2026-09-16,77306001,MELUN,7.8,10.9,23.2,0,23.4
77373,2026-09-16,77468001,TORCY,8.7,14.3,23.4,0,11.88
78361,2026-09-16,78354001,MAGNANVILLE,3.8,11.6,23.3,0,24.84
78498,2026-09-16,78481001,LE PECQ,7.8,12.7,23.8,0,
78551,2026-09-16,78481001,LE PECQ,4.9,12.7,23.8,0,
78586,2026-09-16,78005002,ACHERES,6.2,11.3,23.4,0.2,18.36
78646,2026-09-16,78646002,VERSAILLES- INRAE,2.1,11.7,23,0,
79191,2026-09-16,79191005,NIORT,4.9,9.8,22.8,0,17.64
80021,2026-09-16,80379002,AMIENS-GLISY,7.6,12.9,20.7,0,26.64
81004,2026-09-16,81284001,ALBI,2,18.4,22.4,0.4,22.32
81065,2026-09-16,81182004,MONTREDON-LABESSONNIE,15.3,14.9,18.3,1,20.88
82121,2026-09-16,82121002,MONTAUBAN,1.2,18.1,23,0,21.6
83050,2026-09-16,83050007,DRAGUIGNAN_SAPC,1.3,16.2,32.2,0,
83061,2026-09-16,83061001,FREJUS,5.2,16.7,29,0,16.56
83069,2026-09-16,83069001,HYERES,7.4,15.7,29.8,0,33.48
83126,2026-09-16,83137001,TOULON,3.8,18.9,28.5,0,32.04
83137,2026-09-16,83137001,TOULON,3.7,18.9,28.5,0,32.04
84007,2026-09-16,84007005,AVIGNON,6.5,16.4,30.6,0,39.96
85191,2026-09-16,85191003,LA ROCHE SUR YON,5.1,11.1,23,0.2,20.88
85194,2026-09-16,85060002,CHATEAU-D'OLONNE,6.1,13,21.3,0.2,22.32
86194,2026-09-16,86027001,POITIERS-BIARD,4.5,11.5,22.2,0,25.56
87085,2026-09-16,87085006,LIMOGES-BELLEGARDE,4,11.6,21,0,20.88
90010,2026-09-16,90035001,DORANS,6,14.5,17.9,3.6,24.12
91174,2026-09-16,91103001,BRETIGNY_SAPC,10.2,12.8,22.4,0,
91228,2026-09-16,91103001,BRETIGNY_SAPC,8.4,12.8,22.4,0,
91377,2026-09-16,78640001,VILLACOUBLAY,7,11.8,21.5,0,24.48
91589,2026-09-16,91027002,ORLY,5.1,13.1,22.7,0,23.76
92002,2026-09-16,78640001,VILLACOUBLAY,7.3,11.8,21.5,0,24.48
92004,2026-09-16,75110001,LARIBOISIERE,5.8,15.7,22.9,0,
92007,2026-09-16,75114001,PARIS-MONTSOURIS,3.4,14.1,21.8,0,20.16
92012,2026-09-16,75116008,LONGCHAMP,2,13.5,23.6,0,19.44
92023,2026-09-16,78640001,VILLACOUBLAY,4.3,11.8,21.5,0,24.48
92024,2026-09-16,75110001,LARIBOISIERE,4.2,15.7,22.9,0,
92025,2026-09-16,92073001,SURESNES,5.8,14.3,22.8,0,
92026,2026-09-16,92073001,SURESNES,3.4,14.3,22.8,0,
92036,2026-09-16,75110001,LARIBOISIERE,7.2,15.7,22.9,0,
92040,2026-09-16,75116008,LONGCHAMP,4,13.5,23.6,0,19.44
92044,2026-09-16,75107005,TOUR EIFFEL,4.1,12.4,19.1,,43.92
92048,2026-09-16,78640001,VILLACOUBLAY,3.8,11.8,21.5,0,24.48
92049,2026-09-16,75114001,PARIS-MONTSOURIS,1.7,14.1,21.8,0,20.16
92050,2026-09-16,92073001,SURESNES,3.8,14.3,22.8,0,
92051,2026-09-16,92073001,SURESNES,2.8,14.3,22.8,0,
92062,2026-09-16,92073001,SURESNES,1.3,14.3,22.8,0,
92063,2026-09-16,92073001,SURESNES,3.9,14.3,22.8,0,
92073,2026-09-16,92073001,SURESNES,1.2,14.3,22.8,0,
93001,2026-09-16,75110001,LARIBOISIERE,4.3,15.7,22.9,0,
93005,2026-09-16,95088001,LE BOURGET,5.3,13.7,23,0,19.44
93006,2026-09-16,75110001,LARIBOISIERE,5.6,15.7,22.9,0,
93007,2026-09-16,95088001,LE BOURGET,4,13.7,23,0,19.44
93008,2026-09-16,95088001,LE BOURGET,6.8,13.7,23,0,19.44
93010,2026-09-16,93050001,NEUILLY-SUR-M.,6.6,14.2,24.4,0,
93027,2026-09-16,95088001,LE BOURGET,4.3,13.7,23,0,19.44
93029,2026-09-16,95088001,LE BOURGET,4.9,13.7,23,0,19.44
93031,2026-09-16,95088001,LE BOURGET,8.2,13.7,23,0,19.44
93032,2026-09-16,93050001,NEUILLY-SUR-M.,2.5,14.2,24.4,0,
93046,2026-09-16,93050001,NEUILLY-SUR-M.,6.6,14.2,24.4,0,
93048,2026-09-16,94068001,ST-MAUR,6.9,14.8,23.6,0,
93050,2026-09-16,93050001,NEUILLY-SUR-M.,0.6,14.2,24.4,0,
93051,2026-09-16,93050001,NEUILLY-SUR-M.,3.1,14.2,24.4,0,
93053,2026-09-16,93050001,NEUILLY-SUR-M.,7.4,14.2,24.4,0,
93055,2026-09-16,75110001,LARIBOISIERE,4.6,15.7,22.9,0,
93064,2026-09-16,93050001,NEUILLY-SUR-M.,4.6,14.2,24.4,0,
93066,2026-09-16,95088001,LE BOURGET,5.6,13.7,23,0,19.44
93070,2026-09-16,75110001,LARIBOISIERE,3.5,15.7,22.9,0,
93071,2026-09-16,95088001,LE BOURGET,8.2,13.7,23,0,19.44
93072,2026-09-16,95088001,LE BOURGET,3.2,13.7,23,0,19.44
93073,2026-09-16,95527001,ROISSY,4.6,12.8,23.2,0,24.48
93078,2026-09-16,95527001,ROISSY,6.6,12.8,23.2,0,24.48
94002,2026-09-16,94068001,ST-MAUR,5.4,14.8,23.6,0,
94017,2026-09-16,94068001,ST-MAUR,2.3,14.8,23.6,0,
94022,2026-09-16,91027002,ORLY,5.3,13.1,22.7,0,23.76
94028,2026-09-16,94068001,ST-MAUR,4,14.8,23.6,0,
94033,2026-09-16,94068001,ST-MAUR,4.8,14.8,23.6,0,
94041,2026-09-16,75114001,PARIS-MONTSOURIS,3.8,14.1,21.8,0,20.16
94046,2026-09-16,94068001,ST-MAUR,3.9,14.8,23.6,0,
94068,2026-09-16,94068001,ST-MAUR,1,14.8,23.6,0,
94076,2026-09-16,75114001,PARIS-MONTSOURIS,3.5,14.1,21.8,0,20.16
94080,2026-09-16,94068001,ST-MAUR,5.8,14.8,23.6,0,
94081,2026-09-16,75114001,PARIS-MONTSOURIS,5.5,14.1,21.8,0,20.16
95018,2026-09-16,92073001,SURESNES,8.9,14.3,22.8,0,
95127,2026-09-16,95078001,PONTOISE - AERO,6.1,11.6,22.7,0,26.28
95252,2026-09-16,78005002,ACHERES,7.1,11.3,23.4,0.2,18.36
95268,2026-09-16,95088001,LE BOURGET,1.8,13.7,23,0,19.44
95585,2026-09-16,95088001,LE BOURGET,4.1,13.7,23,0,19.44
01053,2026-09-17,01072001,CEYZERIAT_SAPC,3.1,6.2,22.2,0.2,
02691,2026-09-17,02320001,ST QUENTIN,6.2,8.9,20.5,1.2,33.48
05061,2026-09-17,05061009,GAP,1.5,11.3,22.2,0,29.88
06004,2026-09-17,06004004,ANTIBES-GOLF,1.1,19.4,28.7,0,
06027,2026-09-17,06088001,NICE,5.3,20.6,27.1,0,21.24
06029,2026-09-17,06029001,CANNES,5.4,19.2,27.6,0,18.72
06030,2026-09-17,06029001,CANNES,4.5,19.2,27.6,0,18.72
06069,2026-09-17,06038001,CHATEAUNEUF GRASSE,5.4,16.7,26.4,0,11.52
06088,2026-09-17,06088007,NICE-RIMIEZ,4.5,17.9,25.4,0,18.36
08105,2026-09-17,08105005,CHARLEVILLE-MEZ,6.3,3.9,21.2,0.8,22.68
10387,2026-09-17,10030001,TROYES-BARBEREY,5.5,7.3,23.8,0,30.96
11069,2026-09-17,11069001,CARCASSONNE,4.4,12.9,25.6,0,32.04
11262,2026-09-17,11262005,NARBONNE,6.3,15.3,26.3,0,27.36
13001,2026-09-17,13001009,AIX EN PROVENCE,3,13.4,26.2,0,22.68
13004,2026-09-17,13004003,ARLES,5.1,16.5,27.2,0,32.4
13005,2026-09-17,13005003,AUBAGNE,3.5,13.7,27.7,0,23.4
13028,2026-09-17,13028001,BEC DE L AIGLE,3.8,16.3,24.7,0,58.68
13047,2026-09-17,13047001,ISTRES,3,17.2,27.5,0,49.32
13055,2026-09-17,13055001,MARSEILLE-OBS,3,17.9,27.7,0,
13056,2026-09-17,13054001,MARIGNANE,14.7,17.3,27.5,0,45.36
13103,2026-09-17,13103001,SALON DE PROVENCE,5.8,16.9,26.3,0,35.28
14118,2026-09-17,14137001,CAEN-CARPIQUET,6.1,11.6,19.1,0.4,38.52
16015,2026-09-17,16113001,LA COURONNE,4,8,24.3,2,19.44
17300,2026-09-17,17300009,LA ROCHELLE-ILE DE RE,2.2,13.1,21.5,3,24.84
18033,2026-09-17,18033001,BOURGES,3.6,9,23.6,0,21.96
19031,2026-09-17,19031008,BRIVE,3.2,7.3,23,0,13.32
21231,2026-09-17,21231001,DIJON,2,7.4,24.5,0,
22278,2026-09-17,22372001,ST BRIEUC,7,12.2,18.8,0.4,28.44
25056,2026-09-17,25056001,BESANCON,2.2,8.2,22.3,0,11.16
26198,2026-09-17,26198001,MONTELIMAR,3.1,14.8,24.5,0,37.8
26362,2026-09-17,26064001,VALENCE-CHABEUI,4.5,13,24.8,0,40.32
27229,2026-09-17,27306001,GUICHAINVILLE,5.5,11,21.1,0.6,
28085,2026-09-17,28070001,CHARTRES,1.4,9.5,21.9,0,20.16
29019,2026-09-17,29075001,BREST-GUIPAVAS,9.5,11.3,18.8,2,24.84
29232,2026-09-17,29216001,QUIMPER,5.5,11.8,18.7,4.2,25.2
2A004,2026-09-17,20004014,AJACCIO-MILELLI_SAPC,2.1,19.3,30.5,0,
2B033,2026-09-17,20033015,BASTIA_SAPC,2.6,21.3,29.8,0,
30007,2026-09-17,30243001,ST CHRISTOL-LES-ALES,3.7,17.6,28.7,0,
30189,2026-09-17,30189001,NIMES-COURBESSAC,5.8,16.7,28.9,0,26.64
31149,2026-09-17,31069001,TOULOUSE-BLAGNAC,4.5,13.6,24.6,0,26.28
31555,2026-09-17,31069001,TOULOUSE-BLAGNAC,4.9,13.6,24.6,0,26.28
33063,2026-09-17,33063001,BORDEAUX-PAULIN,1.4,12.9,23.7,2.4,
33281,2026-09-17,33281001,BORDEAUX-MERIGNAC,0.7,11.1,23.9,2.2,27.36
33318,2026-09-17,33281001,BORDEAUX-MERIGNAC,5,11.1,23.9,2.2,27.36
33522,2026-09-17,33550001,VILLENAVE D'ORNON-INRAE,2.2,10.7,23.5,1.5,
33550,2026-09-17,33080001,CADAUJAC-INRAE,2.4,8.7,23.4,0.5,
34032,2026-09-17,34032002,BEZIERS-COURTADE,6.6,10.4,27.5,0,
34172,2026-09-17,34337001,VILLENEUVE-LES-MAG-INRAE,8.2,13.7,28.8,0,
34301,2026-09-17,34301002,SETE,4.1,16.6,27.4,0,21.6
35238,2026-09-17,35238003,RENNES GALLET,3.5,12.3,20.4,1.8,
35288,2026-09-17,35228001,DINARD,8.6,12.1,19.3,1.4,28.44
36044,2026-09-17,36063001,CHATEAUROUX  DEOLS,8.4,8,23.4,0,28.8
37122,2026-09-17,37122001,JOUE-LES-TOURS OB,1.4,8.1,22.3,0.6,
37261,2026-09-17,37179001,TOURS,6.1,9.1,22.3,0.2,26.64
38185,2026-09-17,38185012,GRENOBLE-CEA-RADOME,4,12.9,25.1,0,13.68
38421,2026-09-17,38185012,GRENOBLE-CEA-RADOME,7.4,12.9,25.1,0,13.68
41018,2026-09-17,41018001,BLOIS - VILLE,2.7,7.8,22.8,0,
42218,2026-09-17,42218011,SAINT-ETIENNE,1.3,7.6,21.2,0,19.8
44109,2026-09-17,44109012,NANTES-VILLE,3.7,10.8,22.7,0.6,
44143,2026-09-17,44020001,NANTES-BOUGUENAIS,4.7,9.9,23.1,2.2,24.84
44162,2026-09-17,44020001,NANTES-BOUGUENAIS,8.5,9.9,23.1,2.2,24.84
44184,2026-09-17,44103001,ST NAZAIRE-MONTOIR,7.6,9.9,21.6,0.6,30.24
45169,2026-09-17,45055001,ORLEANS,8.2,8,22.9,0.6,33.84
45234,2026-09-17,45193001,MARCILLY-EN-V.,14.2,7.5,23.3,0.4,
49007,2026-09-17,49007011,ANGERS VILLE,3.2,11.3,22.8,1,
49099,2026-09-17,49099003,CHOLET,4.9,10.1,21.8,0.1,20.16
50129,2026-09-17,50209001,GONNEVILLE,12.7,13,17.8,6.1,31.68
51108,2026-09-17,51242001,FAGNIERES-INRAE,6,7.3,23.1,0,
51454,2026-09-17,51449002,REIMS-PRUNAY,8.7,4.4,23.3,0.4,27.72
53130,2026-09-17,53130008,LAVAL-ETRONNIER,3.5,10.7,21.2,2.2,25.92
54395,2026-09-17,54526001,NANCY-ESSEY,3.5,7.2,23.3,0,20.88
56121,2026-09-17,56185001,LORIENT-LANN BIHOUE,4.4,11,18.5,2,30.96
56260,2026-09-17,56243001,VANNES-SENE,6.5,10.2,21.2,0.4,13.68
57463,2026-09-17,57039001,METZ-FRESCATY,6.5,7.2,22.8,0,20.88
57672,2026-09-17,57689001,VALMESTROFF,8.7,9.8,22.3,0.2,25.92
59009,2026-09-17,59512001,ROUBAIX,8,13.8,20.1,1,
59178,2026-09-17,59178001,DOUAI,2.7,11,20.3,1.4,
59183,2026-09-17,59183001,DUNKERQUE,4.2,14.5,19.2,6.9,30.96
59350,2026-09-17,59343001,LILLE-LESQUIN,7.7,11.4,19.8,1.6,32.76
59378,2026-09-17,59512001,ROUBAIX,6.4,13.8,20.1,1,
59512,2026-09-17,59512001,ROUBAIX,2.1,13.8,20.1,1,
59599,2026-09-17,59512001,ROUBAIX,2.2,13.8,20.1,1,
59606,2026-09-17,59606004,VALENCIENNES,5.3,9.9,20.6,2,32.04
59650,2026-09-17,59512001,ROUBAIX,2.6,13.8,20.1,1,
60057,2026-09-17,60639001,BEAUVAIS-TILLE,2.9,9.4,21.2,0.4,28.08
60159,2026-09-17,60382001,MARGNY-LES-COMPIEGNE,5,10,21.2,0.8,30.6
62041,2026-09-17,62873001,ARRAS,8.2,11.4,20.4,0.8,37.8
62160,2026-09-17,62160001,BOULOGNE-SEM,0.5,15.6,18.1,3.9,49.32
62193,2026-09-17,62548002,CALAIS-MARCK,6.2,14.6,19.3,2.2,40.32
63113,2026-09-17,63113001,CLERMONT-FD,2.8,7.6,22.2,0,14.4
64024,2026-09-17,64024001,BIARRITZ-PAYS-BASQUE,2.5,12.3,22.1,0.4,21.6
64102,2026-09-17,64024001,BIARRITZ-PAYS-BASQUE,6.1,12.3,22.1,0.4,21.6
64445,2026-09-17,64549001,PAU-UZEIN,9.2,13.5,21.7,0,20.16
65440,2026-09-17,65344001,TARBES-LOURDES-PYRENEES,7.7,12.3,19,0,15.48
66136,2026-09-17,66136001,PERPIGNAN,5,18.2,26.3,0,33.48
67482,2026-09-17,67482001,STRASBOURG - BOTANIQUE,1.5,12,23.5,0,
68066,2026-09-17,68066001,COLMAR-INRAE,7.1,4.6,24.3,0,
68224,2026-09-17,68224006,MULHOUSE,2.8,8.4,23.1,0,17.28
69029,2026-09-17,69029001,LYON-BRON,3.3,9.1,23.9,0,24.48
69034,2026-09-17,69123002,LYON TETE D'OR,2.9,10.8,23.6,0,
69123,2026-09-17,69123002,LYON TETE D'OR,2.3,10.8,23.6,0,
69149,2026-09-17,69204002,ST-GENIS-LAVAL,2.7,11.2,24.8,0,
69256,2026-09-17,69123002,LYON TETE D'OR,5.4,10.8,23.6,0,
69259,2026-09-17,69029001,LYON-BRON,5.8,9.1,23.9,0,24.48
69266,2026-09-17,69123002,LYON TETE D'OR,2.7,10.8,23.6,0,
69290,2026-09-17,69029001,LYON-BRON,2.2,9.1,23.9,0,24.48
71076,2026-09-17,71081001,CHALON-CHAMPFO,4.6,7,23.1,0,15.48
72181,2026-09-17,72181001,LE MANS,4,9.1,22,1.4,23.76
73065,2026-09-17,73064001,CHALLES LES EAUX,5.3,11.4,24,0.2,
74010,2026-09-17,74093001,CRAN-GEVRIER,1.7,8.5,23.1,0,
74012,2026-09-17,74133001,GAILLARD,3.2,8.1,24.5,0,
74281,2026-09-17,74281001,THONON-INRAE,1.9,12.3,21.5,0,
75056,2026-09-17,75106001,LUXEMBOURG,1.7,14.4,22.6,0,
76351,2026-09-17,76552001,CAP-DE-LA-HEVE,4.6,14.2,17.9,4.2,37.8
76540,2026-09-17,76540009,ROUEN - JARDIN,2.3,12.3,20,0.8,
77108,2026-09-17,93050001,NEUILLY-SUR-M.,4.5,11,23.6,0,
77284,2026-09-17,77084001,CHANGIS,8,8.8,24.1,0.4,26.64
77288,2026-09-17,77306001,MELUN,7.8,9.5,24.4,0,34.92
77373,2026-09-17,77468001,TORCY,8.7,10.6,22.6,0.2,18.72
78361,2026-09-17,78354001,MAGNANVILLE,3.8,10.1,22.5,0.6,27
78498,2026-09-17,78481001,LE PECQ,7.8,11.9,23.9,0.2,
78551,2026-09-17,78481001,LE PECQ,4.9,11.9,23.9,0.2,
78586,2026-09-17,78005002,ACHERES,6.2,8.7,23.7,0,20.88
78646,2026-09-17,78646002,VERSAILLES- INRAE,2.1,9.5,22.1,0,
79191,2026-09-17,79191005,NIORT,4.9,8,21.7,1.2,27
80021,2026-09-17,80379002,AMIENS-GLISY,7.6,12.3,20.4,1.2,30.24
81004,2026-09-17,81284001,ALBI,2,8.5,24.9,0,22.68
81065,2026-09-17,81182004,MONTREDON-LABESSONNIE,15.3,9.1,21.7,0.2,23.4
82121,2026-09-17,82121002,MONTAUBAN,1.2,10.2,24.7,0,20.88
83050,2026-09-17,83050007,DRAGUIGNAN_SAPC,1.3,16,30,0,
83061,2026-09-17,83061001,FREJUS,5.2,18.8,28.7,0,16.56
83069,2026-09-17,83069001,HYERES,7.4,17.5,27.8,0,41.4
83126,2026-09-17,83137001,TOULON,3.8,18.6,26.3,0,29.52
83137,2026-09-17,83137001,TOULON,3.7,18.6,26.3,0,29.52
84007,2026-09-17,84007005,AVIGNON,6.5,16.8,26.7,0,45.36
85191,2026-09-17,85191003,LA ROCHE SUR YON,5.1,9.4,21.9,1,24.48
85194,2026-09-17,85060002,CHATEAU-D'OLONNE,6.1,11.6,21.6,8,20.16
86194,2026-09-17,86027001,POITIERS-BIARD,4.5,7.5,22.4,1,27
87085,2026-09-17,87085006,LIMOGES-BELLEGARDE,4,8.7,21,0.4,20.16
90010,2026-09-17,90035001,DORANS,6,8.4,21.9,0,16.2
91174,2026-09-17,91103001,BRETIGNY_SAPC,10.2,9.8,22.6,0,
91228,2026-09-17,91103001,BRETIGNY_SAPC,8.4,9.8,22.6,0,
91377,2026-09-17,78640001,VILLACOUBLAY,7,10.4,21.5,0,27.72
91589,2026-09-17,91027002,ORLY,5.1,11.8,22.9,0,28.44
92002,2026-09-17,78640001,VILLACOUBLAY,7.3,10.4,21.5,0,27.72
92004,2026-09-17,75110001,LARIBOISIERE,5.8,15.2,22.7,0,
92007,2026-09-17,75114001,PARIS-MONTSOURIS,3.4,12.7,21.9,0,21.6
92012,2026-09-17,75116008,LONGCHAMP,2,10.5,23,0,18.36
92023,2026-09-17,78640001,VILLACOUBLAY,4.3,10.4,21.5,0,27.72
92024,2026-09-17,75110001,LARIBOISIERE,4.2,15.2,22.7,0,
92025,2026-09-17,92073001,SURESNES,5.8,13.2,23,0,
92026,2026-09-17,92073001,SURESNES,3.4,13.2,23,0,
92036,2026-09-17,75110001,LARIBOISIERE,7.2,15.2,22.7,0,
92040,2026-09-17,75116008,LONGCHAMP,4,10.5,23,0,18.36
92044,2026-09-17,75107005,TOUR EIFFEL,4.1,12.7,19,,40.68
92048,2026-09-17,78640001,VILLACOUBLAY,3.8,10.4,21.5,0,27.72
92049,2026-09-17,75114001,PARIS-MONTSOURIS,1.7,12.7,21.9,0,21.6
92050,2026-09-17,92073001,SURESNES,3.8,13.2,23,0,
92051,2026-09-17,92073001,SURESNES,2.8,13.2,23,0,
92062,2026-09-17,92073001,SURESNES,1.3,13.2,23,0,
92063,2026-09-17,92073001,SURESNES,3.9,13.2,23,0,
92073,2026-09-17,92073001,SURESNES,1.2,13.2,23,0,
93001,2026-09-17,75110001,LARIBOISIERE,4.3,15.2,22.7,0,
93005,2026-09-17,95088001,LE BOURGET,5.3,12.7,22.6,0,27.72
93006,2026-09-17,75110001,LARIBOISIERE,5.6,15.2,22.7,0,
93007,2026-09-17,95088001,LE BOURGET,4,12.7,22.6,0,27.72
93008,2026-09-17,95088001,LE BOURGET,6.8,12.7,22.6,0,27.72
93010,2026-09-17,93050001,NEUILLY-SUR-M.,6.6,11,23.6,0,
93027,2026-09-17,95088001,LE BOURGET,4.3,12.7,22.6,0,27.72
93029,2026-09-17,95088001,LE BOURGET,4.9,12.7,22.6,0,27.72
93031,2026-09-17,95088001,LE BOURGET,8.2,12.7,22.6,0,27.72
93032,2026-09-17,93050001,NEUILLY-SUR-M.,2.5,11,23.6,0,
93046,2026-09-17,93050001,NEUILLY-SUR-M.,6.6,11,23.6,0,
93048,2026-09-17,94068001,ST-MAUR,6.9,12.4,23.9,0,
93050,2026-09-17,93050001,NEUILLY-SUR-M.,0.6,11,23.6,0,
93051,2026-09-17,93050001,NEUILLY-SUR-M.,3.1,11,23.6,0,
93053,2026-09-17,93050001,NEUILLY-SUR-M.,7.4,11,23.6,0,
93055,2026-09-17,75110001,LARIBOISIERE,4.6,15.2,22.7,0,
93064,2026-09-17,93050001,NEUILLY-SUR-M.,4.6,11,23.6,0,
93066,2026-09-17,95088001,LE BOURGET,5.6,12.7,22.6,0,27.72
93070,2026-09-17,75110001,LARIBOISIERE,3.5,15.2,22.7,0,
93071,2026-09-17,95088001,LE BOURGET,8.2,12.7,22.6,0,27.72
93072,2026-09-17,95088001,LE BOURGET,3.2,12.7,22.6,0,27.72
93073,2026-09-17,95527001,ROISSY,4.6,13.4,22.2,0,34.92
93078,2026-09-17,95527001,ROISSY,6.6,13.4,22.2,0,34.92
94002,2026-09-17,94068001,ST-MAUR,5.4,12.4,23.9,0,
94017,2026-09-17,94068001,ST-MAUR,2.3,12.4,23.9,0,
94022,2026-09-17,91027002,ORLY,5.3,11.8,22.9,0,28.44
94028,2026-09-17,94068001,ST-MAUR,4,12.4,23.9,0,
94033,2026-09-17,94068001,ST-MAUR,4.8,12.4,23.9,0,
94041,2026-09-17,75114001,PARIS-MONTSOURIS,3.8,12.7,21.9,0,21.6
94046,2026-09-17,94068001,ST-MAUR,3.9,12.4,23.9,0,
94068,2026-09-17,94068001,ST-MAUR,1,12.4,23.9,0,
94076,2026-09-17,75114001,PARIS-MONTSOURIS,3.5,12.7,21.9,0,21.6
94080,2026-09-17,94068001,ST-MAUR,5.8,12.4,23.9,0,
94081,2026-09-17,75114001,PARIS-MONTSOURIS,5.5,12.7,21.9,0,21.6
95018,2026-09-17,92073001,SURESNES,8.9,13.2,23,0,
95127,2026-09-17,95078001,PONTOISE - AERO,6.1,8.6,21.5,0,28.8
95252,2026-09-17,78005002,ACHERES,7.1,8.7,23.7,0,20.88
95268,2026-09-17,95088001,LE BOURGET,1.8,12.7,22.6,0,27.72
95585,2026-09-17,95088001,LE BOURGET,4.1,12.7,22.6,0,27.72
01053,2026-09-18,01072001,CEYZERIAT_SAPC,3.1,10.7,24.1,0,
02691,2026-09-18,02320001,ST QUENTIN,6.2,9.6,21.6,0,26.64
05061,2026-09-18,05061009,GAP,1.5,10.5,23.8,0,29.88
06004,2026-09-18,06004004,ANTIBES-GOLF,1.1,18,28.1,0,
06027,2026-09-18,06088001,NICE,5.3,20.2,26.4,0,28.8
06029,2026-09-18,06029001,CANNES,5.4,18,27.9,0,18.72
06030,2026-09-18,06029001,CANNES,4.5,18,27.9,0,18.72
06069,2026-09-18,06038001,CHATEAUNEUF GRASSE,5.4,16.3,25.6,0,13.68
06088,2026-09-18,06088007,NICE-RIMIEZ,4.5,17.3,26.3,0,14.76
08105,2026-09-18,08105005,CHARLEVILLE-MEZ,6.3,8.8,20.4,0,19.8
10387,2026-09-18,10030001,TROYES-BARBEREY,5.5,13.1,22.4,0,24.48
11069,2026-09-18,11069001,CARCASSONNE,4.4,14.8,26.5,0,26.64
11262,2026-09-18,11262005,NARBONNE,6.3,15.9,27.3,0,25.56
13001,2026-09-18,13001009,AIX EN PROVENCE,3,10.1,28.2,0,14.04
13004,2026-09-18,13004003,ARLES,5.1,16.1,27.9,0,32.76
13005,2026-09-18,13005003,AUBAGNE,3.5,9.1,28.9,0,18.36
13028,2026-09-18,13028001,BEC DE L AIGLE,3.8,16.4,24.5,0,38.88
13047,2026-09-18,13047001,ISTRES,3,13.1,28.6,0,34.56
13055,2026-09-18,13055001,MARSEILLE-OBS,3,16.7,27.9,0,
13056,2026-09-18,13054001,MARIGNANE,14.7,16.8,28.3,0,32.04
13103,2026-09-18,13103001,SALON DE PROVENCE,5.8,13.3,27.9,0,29.88
14118,2026-09-18,14137001,CAEN-CARPIQUET,6.1,10.8,20.2,0.2,28.8
16015,2026-09-18,16113001,LA COURONNE,4,15.4,22.9,1.8,14.4
17300,2026-09-18,17300009,LA ROCHELLE-ILE DE RE,2.2,13.7,20.8,0,27.72
18033,2026-09-18,18033001,BOURGES,3.6,14.8,22.5,0,14.04
19031,2026-09-18,19031008,BRIVE,3.2,12.5,23.3,0,12.6
21231,2026-09-18,21231001,DIJON,2,11.7,22.9,0,
22278,2026-09-18,22372001,ST BRIEUC,7,11.1,21.3,0,23.4
25056,2026-09-18,25056001,BESANCON,2.2,11.3,22.2,0,11.52
26198,2026-09-18,26198001,MONTELIMAR,3.1,15.6,26,0,33.84
26362,2026-09-18,26064001,VALENCE-CHABEUI,4.5,10.7,26.1,0,37.08
27229,2026-09-18,27306001,GUICHAINVILLE,5.5,10.6,22,0,
28085,2026-09-18,28070001,CHARTRES,1.4,10,21.5,0,12.96
29019,2026-09-18,29075001,BREST-GUIPAVAS,9.5,11,19.9,0,29.52
29232,2026-09-18,29216001,QUIMPER,5.5,10.8,20.3,0.2,21.6
2A004,2026-09-18,20004014,AJACCIO-MILELLI_SAPC,2.1,16.1,28.9,0,
2B033,2026-09-18,20033015,BASTIA_SAPC,2.6,22.1,29.7,0,
30007,2026-09-18,30243001,ST CHRISTOL-LES-ALES,3.7,14.1,30.7,0,
30189,2026-09-18,30189001,NIMES-COURBESSAC,5.8,16.3,29.8,0,24.84
31149,2026-09-18,31069001,TOULOUSE-BLAGNAC,4.5,15.3,25.5,0,23.04
31555,2026-09-18,31069001,TOULOUSE-BLAGNAC,4.9,15.3,25.5,0,23.04
33063,2026-09-18,33063001,BORDEAUX-PAULIN,1.4,15.6,23.7,0,
33281,2026-09-18,33281001,BORDEAUX-MERIGNAC,0.7,15.3,23.5,0,20.52
33318,2026-09-18,33281001,BORDEAUX-MERIGNAC,5,15.3,23.5,0,20.52
33522,2026-09-18,33550001,VILLENAVE D'ORNON-INRAE,2.2,14.9,23.8,0,
33550,2026-09-18,33080001,CADAUJAC-INRAE,2.4,14,23.6,0,
34032,2026-09-18,34032002,BEZIERS-COURTADE,6.6,14.6,28.7,0,
34172,2026-09-18,34337001,VILLENEUVE-LES-MAG-INRAE,8.2,16.6,29,0,
34301,2026-09-18,34301002,SETE,4.1,17.2,29,0,19.44
35238,2026-09-18,35238003,RENNES GALLET,3.5,11.2,21.3,0,
35288,2026-09-18,35228001,DINARD,8.6,12.3,21.5,0.2,21.24
36044,2026-09-18,36063001,CHATEAUROUX  DEOLS,8.4,14.6,22.6,0,18
37122,2026-09-18,37122001,JOUE-LES-TOURS OB,1.4,9.3,24.1,0.2,
37261,2026-09-18,37179001,TOURS,6.1,9.8,21.7,0,15.48
38185,2026-09-18,38185012,GRENOBLE-CEA-RADOME,4,11.1,25.8,0,14.04
38421,2026-09-18,38185012,GRENOBLE-CEA-RADOME,7.4,11.1,25.8,0,14.04
41018,2026-09-18,41018001,BLOIS - VILLE,2.7,9.4,22.6,0.2,
42218,2026-09-18,42218011,SAINT-ETIENNE,1.3,10,23.4,0,20.16
44109,2026-09-18,44109012,NANTES-VILLE,3.7,8.8,23,0,
44143,2026-09-18,44020001,NANTES-BOUGUENAIS,4.7,8,22.5,0,21.6
44162,2026-09-18,44020001,NANTES-BOUGUENAIS,8.5,8,22.5,0,21.6
44184,2026-09-18,44103001,ST NAZAIRE-MONTOIR,7.6,10.6,21.6,0,25.92
45169,2026-09-18,45055001,ORLEANS,8.2,9.2,21.4,0.2,20.52
45234,2026-09-18,45193001,MARCILLY-EN-V.,14.2,12,23.1,0,
49007,2026-09-18,49007011,ANGERS VILLE,3.2,10.5,23.3,0,
49099,2026-09-18,49099003,CHOLET,4.9,9.7,21.9,0,13.32
50129,2026-09-18,50209001,GONNEVILLE,12.7,12.2,19.3,0,30.6
51108,2026-09-18,51242001,FAGNIERES-INRAE,6,10.3,22.4,0,
51454,2026-09-18,51449002,REIMS-PRUNAY,8.7,6.7,21.4,0,18.72
53130,2026-09-18,53130008,LAVAL-ETRONNIER,3.5,10.5,21.9,0,18.72
54395,2026-09-18,54526001,NANCY-ESSEY,3.5,13.9,22.4,0,19.08
56121,2026-09-18,56185001,LORIENT-LANN BIHOUE,4.4,9.7,20.2,0,27
56260,2026-09-18,56243001,VANNES-SENE,6.5,9,22.9,0,12.96
57463,2026-09-18,57039001,METZ-FRESCATY,6.5,14.6,21.3,0,16.92
57672,2026-09-18,57689001,VALMESTROFF,8.7,13.7,20.9,0,24.48
59009,2026-09-18,59512001,ROUBAIX,8,11.5,20.7,0,
59178,2026-09-18,59178001,DOUAI,2.7,8.8,21.7,0,
59183,2026-09-18,59183001,DUNKERQUE,4.2,13.2,19.5,0,30.96
59350,2026-09-18,59343001,LILLE-LESQUIN,7.7,9.9,21,0,34.2
59378,2026-09-18,59512001,ROUBAIX,6.4,11.5,20.7,0,
59512,2026-09-18,59512001,ROUBAIX,2.1,11.5,20.7,0,
59599,2026-09-18,59512001,ROUBAIX,2.2,11.5,20.7,0,
59606,2026-09-18,59606004,VALENCIENNES,5.3,9.4,20.8,0,30.6
59650,2026-09-18,59512001,ROUBAIX,2.6,11.5,20.7,0,
60057,2026-09-18,60639001,BEAUVAIS-TILLE,2.9,10.1,21.5,0.2,21.96
60159,2026-09-18,60382001,MARGNY-LES-COMPIEGNE,5,10.2,21.9,0,22.68
62041,2026-09-18,62873001,ARRAS,8.2,8.8,20.9,0,33.48
62160,2026-09-18,62160001,BOULOGNE-SEM,0.5,14.3,18.1,0,43.92
62193,2026-09-18,62548002,CALAIS-MARCK,6.2,11.5,19.5,0,43.92
63113,2026-09-18,63113001,CLERMONT-FD,2.8,9.6,21.3,0,12.6
64024,2026-09-18,64024001,BIARRITZ-PAYS-BASQUE,2.5,15.1,22.3,1,20.88
64102,2026-09-18,64024001,BIARRITZ-PAYS-BASQUE,6.1,15.1,22.3,1,20.88
64445,2026-09-18,64549001,PAU-UZEIN,9.2,11.9,23.8,0,23.04
65440,2026-09-18,65344001,TARBES-LOURDES-PYRENEES,7.7,11.5,24.2,0,20.88
66136,2026-09-18,66136001,PERPIGNAN,5,18.4,28.2,0,31.68
67482,2026-09-18,67482001,STRASBOURG - BOTANIQUE,1.5,13.7,20,0.4,
68066,2026-09-18,68066001,COLMAR-INRAE,7.1,9.6,22.6,0,
68224,2026-09-18,68224006,MULHOUSE,2.8,11.6,22.9,0.2,24.84
69029,2026-09-18,69029001,LYON-BRON,3.3,11.4,25,0,21.96
69034,2026-09-18,69123002,LYON TETE D'OR,2.9,14.1,25,0,
69123,2026-09-18,69123002,LYON TETE D'OR,2.3,14.1,25,0,
69149,2026-09-18,69204002,ST-GENIS-LAVAL,2.7,14.3,26.5,0,
69256,2026-09-18,69123002,LYON TETE D'OR,5.4,14.1,25,0,
69259,2026-09-18,69029001,LYON-BRON,5.8,11.4,25,0,21.96
69266,2026-09-18,69123002,LYON TETE D'OR,2.7,14.1,25,0,
69290,2026-09-18,69029001,LYON-BRON,2.2,11.4,25,0,21.96
71076,2026-09-18,71081001,CHALON-CHAMPFO,4.6,11,24.1,0,23.76
72181,2026-09-18,72181001,LE MANS,4,9.1,22.1,0,15.48
73065,2026-09-18,73064001,CHALLES LES EAUX,5.3,12.1,25.2,0,
74010,2026-09-18,74093001,CRAN-GEVRIER,1.7,9.4,24.8,0,
74012,2026-09-18,74133001,GAILLARD,3.2,9.8,26,0,
74281,2026-09-18,74281001,THONON-INRAE,1.9,13.5,22.9,0,
75056,2026-09-18,75106001,LUXEMBOURG,1.7,13.2,23.4,0,
76351,2026-09-18,76552001,CAP-DE-LA-HEVE,4.6,15.7,20,0,34.2
76540,2026-09-18,76540009,ROUEN - JARDIN,2.3,11.3,22.1,0,
77108,2026-09-18,93050001,NEUILLY-SUR-M.,4.5,10.4,23.7,0,
77284,2026-09-18,77084001,CHANGIS,8,10.9,24,0.2,17.64
77288,2026-09-18,77306001,MELUN,7.8,9.4,24,0,22.32
77373,2026-09-18,77468001,TORCY,8.7,9.9,23,0,11.16
78361,2026-09-18,78354001,MAGNANVILLE,3.8,10.4,23.1,0,19.44
78498,2026-09-18,78481001,LE PECQ,7.8,11.3,24.1,0,
78551,2026-09-18,78481001,LE PECQ,4.9,11.3,24.1,0,
78586,2026-09-18,78005002,ACHERES,6.2,7.6,23.1,0,15.12
78646,2026-09-18,78646002,VERSAILLES- INRAE,2.1,9.6,22.3,0,
79191,2026-09-18,79191005,NIORT,4.9,13.7,22.5,0,21.96
80021,2026-09-18,80379002,AMIENS-GLISY,7.6,11,20.8,0,23.4
81004,2026-09-18,81284001,ALBI,2,11.1,25,0.2,21.96
81065,2026-09-18,81182004,MONTREDON-LABESSONNIE,15.3,10.6,22.3,0,18
82121,2026-09-18,82121002,MONTAUBAN,1.2,11.5,24.7,0,17.64
83050,2026-09-18,83050007,DRAGUIGNAN_SAPC,1.3,14.7,28.6,0,
83061,2026-09-18,83061001,FREJUS,5.2,16.5,28.4,0,16.2
83069,2026-09-18,83069001,HYERES,7.4,11.5,28,0,26.28
83126,2026-09-18,83137001,TOULON,3.8,15.5,27.1,0,24.12
83137,2026-09-18,83137001,TOULON,3.7,15.5,27.1,0,24.12
84007,2026-09-18,84007005,AVIGNON,6.5,14.6,28.3,0,39.6
85191,2026-09-18,85191003,LA ROCHE SUR YON,5.1,9.4,22.1,0.2,22.32
85194,2026-09-18,85060002,CHATEAU-D'OLONNE,6.1,11.6,20.9,0,21.6
86194,2026-09-18,86027001,POITIERS-BIARD,4.5,13.2,21.8,0,19.8
87085,2026-09-18,87085006,LIMOGES-BELLEGARDE,4,13.5,16.8,5.2,14.04
90010,2026-09-18,90035001,DORANS,6,11.4,21.3,0,21.24
91174,2026-09-18,91103001,BRETIGNY_SAPC,10.2,11.4,22.4,0,
91228,2026-09-18,91103001,BRETIGNY_SAPC,8.4,11.4,22.4,0,
91377,2026-09-18,78640001,VILLACOUBLAY,7,9.9,21.4,0,19.44
91589,2026-09-18,91027002,ORLY,5.1,11.7,22.7,0,18.36
92002,2026-09-18,78640001,VILLACOUBLAY,7.3,9.9,21.4,0,19.44
92004,2026-09-18,75110001,LARIBOISIERE,5.8,14.5,22.4,0,
92007,2026-09-18,75114001,PARIS-MONTSOURIS,3.4,12.8,21.4,0,14.4
92012,2026-09-18,75116008,LONGCHAMP,2,10.1,23.3,0,13.68
92023,2026-09-18,78640001,VILLACOUBLAY,4.3,9.9,21.4,0,19.44
92024,2026-09-18,75110001,LARIBOISIERE,4.2,14.5,22.4,0,
92025,2026-09-18,92073001,SURESNES,5.8,12.8,22.9,0,
92026,2026-09-18,92073001,SURESNES,3.4,12.8,22.9,0,
92036,2026-09-18,75110001,LARIBOISIERE,7.2,14.5,22.4,0,
92040,2026-09-18,75116008,LONGCHAMP,4,10.1,23.3,0,13.68
92044,2026-09-18,75107005,TOUR EIFFEL,4.1,11.7,19.5,,32.76
92048,2026-09-18,78640001,VILLACOUBLAY,3.8,9.9,21.4,0,19.44
92049,2026-09-18,75114001,PARIS-MONTSOURIS,1.7,12.8,21.4,0,14.4
92050,2026-09-18,92073001,SURESNES,3.8,12.8,22.9,0,
92051,2026-09-18,92073001,SURESNES,2.8,12.8,22.9,0,
92062,2026-09-18,92073001,SURESNES,1.3,12.8,22.9,0,
92063,2026-09-18,92073001,SURESNES,3.9,12.8,22.9,0,
92073,2026-09-18,92073001,SURESNES,1.2,12.8,22.9,0,
93001,2026-09-18,75110001,LARIBOISIERE,4.3,14.5,22.4,0,
93005,2026-09-18,95088001,LE BOURGET,5.3,11.3,22.7,0,18.36
93006,2026-09-18,75110001,LARIBOISIERE,5.6,14.5,22.4,0,
93007,2026-09-18,95088001,LE BOURGET,4,11.3,22.7,0,18.36
93008,2026-09-18,95088001,LE BOURGET,6.8,11.3,22.7,0,18.36
93010,2026-09-18,93050001,NEUILLY-SUR-M.,6.6,10.4,23.7,0,
93027,2026-09-18,95088001,LE BOURGET,4.3,11.3,22.7,0,18.36
93029,2026-09-18,95088001,LE BOURGET,4.9,11.3,22.7,0,18.36
93031,2026-09-18,95088001,LE BOURGET,8.2,11.3,22.7,0,18.36
93032,2026-09-18,93050001,NEUILLY-SUR-M.,2.5,10.4,23.7,0,
93046,2026-09-18,93050001,NEUILLY-SUR-M.,6.6,10.4,23.7,0,
93048,2026-09-18,94068001,ST-MAUR,6.9,11.2,23.7,0,
93050,2026-09-18,93050001,NEUILLY-SUR-M.,0.6,10.4,23.7,0,
93051,2026-09-18,93050001,NEUILLY-SUR-M.,3.1,10.4,23.7,0,
93053,2026-09-18,93050001,NEUILLY-SUR-M.,7.4,10.4,23.7,0,
93055,2026-09-18,75110001,LARIBOISIERE,4.6,14.5,22.4,0,
93064,2026-09-18,93050001,NEUILLY-SUR-M.,4.6,10.4,23.7,0,
93066,2026-09-18,95088001,LE BOURGET,5.6,11.3,22.7,0,18.36
93070,2026-09-18,75110001,LARIBOISIERE,3.5,14.5,22.4,0,
93071,2026-09-18,95088001,LE BOURGET,8.2,11.3,22.7,0,18.36
93072,2026-09-18,95088001,LE BOURGET,3.2,11.3,22.7,0,18.36
93073,2026-09-18,95527001,ROISSY,4.6,11.8,22.5,0,22.68
93078,2026-09-18,95527001,ROISSY,6.6,11.8,22.5,0,22.68
94002,2026-09-18,94068001,ST-MAUR,5.4,11.2,23.7,0,
94017,2026-09-18,94068001,ST-MAUR,2.3,11.2,23.7,0,
94022,2026-09-18,91027002,ORLY,5.3,11.7,22.7,0,18.36
94028,2026-09-18,94068001,ST-MAUR,4,11.2,23.7,0,
94033,2026-09-18,94068001,ST-MAUR,4.8,11.2,23.7,0,
94041,2026-09-18,75114001,PARIS-MONTSOURIS,3.8,12.8,21.4,0,14.4
94046,2026-09-18,94068001,ST-MAUR,3.9,11.2,23.7,0,
94068,2026-09-18,94068001,ST-MAUR,1,11.2,23.7,0,
94076,2026-09-18,75114001,PARIS-MONTSOURIS,3.5,12.8,21.4,0,14.4
94080,2026-09-18,94068001,ST-MAUR,5.8,11.2,23.7,0,
94081,2026-09-18,75114001,PARIS-MONTSOURIS,5.5,12.8,21.4,0,14.4
95018,2026-09-18,92073001,SURESNES,8.9,12.8,22.9,0,
95127,2026-09-18,95078001,PONTOISE - AERO,6.1,8.9,22.4,0,20.52
95252,2026-09-18,78005002,ACHERES,7.1,7.6,23.1,0,15.12
95268,2026-09-18,95088001,LE BOURGET,1.8,11.3,22.7,0,18.36
95585,2026-09-18,95088001,LE BOURGET,4.1,11.3,22.7,0,18.36
01053,2026-09-19,01072001,CEYZERIAT_SAPC,3.1,6.9,26,,
02691,2026-09-19,02320001,ST QUENTIN,6.2,12.5,24.4,0,28.8
05061,2026-09-19,05061009,GAP,1.5,10.8,26.5,0,23.76
06004,2026-09-19,06004004,ANTIBES-GOLF,1.1,19.4,28.5,0,
06027,2026-09-19,06088001,NICE,5.3,19.8,26.5,0,21.6
06029,2026-09-19,06029001,CANNES,5.4,17.6,27.1,0,18.36
06030,2026-09-19,06029001,CANNES,4.5,17.6,27.1,0,18.36
06069,2026-09-19,06038001,CHATEAUNEUF GRASSE,5.4,16.6,26.2,0,13.68
06088,2026-09-19,06088007,NICE-RIMIEZ,4.5,17.1,25.7,0,17.28
08105,2026-09-19,08105005,CHARLEVILLE-MEZ,6.3,7.7,23.4,0,19.08
10387,2026-09-19,10030001,TROYES-BARBEREY,5.5,8.7,26.1,0,18.72
11069,2026-09-19,11069001,CARCASSONNE,4.4,14.4,28.4,0,21.24
11262,2026-09-19,11262005,NARBONNE,6.3,16.1,30.5,0,18.72
13001,2026-09-19,13001009,AIX EN PROVENCE,3,12.9,29.8,0,15.12
13004,2026-09-19,13004003,ARLES,5.1,13.4,28.4,0,26.28
13005,2026-09-19,13005003,AUBAGNE,3.5,12,29.4,0,16.2
13028,2026-09-19,13028001,BEC DE L AIGLE,3.8,19.4,25.1,0,24.12
13047,2026-09-19,13047001,ISTRES,3,16,29,0,21.96
13055,2026-09-19,13055001,MARSEILLE-OBS,3,17.8,26.9,0,
13056,2026-09-19,13054001,MARIGNANE,14.7,13.2,28.1,0,21.96
13103,2026-09-19,13103001,SALON DE PROVENCE,5.8,11.8,29,0,23.76
14118,2026-09-19,14137001,CAEN-CARPIQUET,6.1,10.3,23.1,0,29.52
16015,2026-09-19,16113001,LA COURONNE,4,7.4,26.3,0,8.28
17300,2026-09-19,17300009,LA ROCHELLE-ILE DE RE,2.2,12.5,22.1,0,20.88
18033,2026-09-19,18033001,BOURGES,3.6,8.9,26,0,14.04
19031,2026-09-19,19031008,BRIVE,3.2,10.6,28.2,0.2,8.64
21231,2026-09-19,21231001,DIJON,2,8.4,26.1,0,
22278,2026-09-19,22372001,ST BRIEUC,7,12.4,21.5,0,28.8
25056,2026-09-19,25056001,BESANCON,2.2,9.4,24.4,0,9
26198,2026-09-19,26198001,MONTELIMAR,3.1,16.8,27.4,0,24.48
26362,2026-09-19,26064001,VALENCE-CHABEUI,4.5,10.8,27.7,0,25.92
27229,2026-09-19,27306001,GUICHAINVILLE,5.5,10.4,26.1,0,
28085,2026-09-19,28070001,CHARTRES,1.4,8.3,24.7,0,16.92
29019,2026-09-19,29075001,BREST-GUIPAVAS,9.5,15.1,20.9,0.4,28.44
29232,2026-09-19,29216001,QUIMPER,5.5,10.7,19.6,0.6,23.04
2A004,2026-09-19,20004014,AJACCIO-MILELLI_SAPC,2.1,15.9,29.8,0,
2B033,2026-09-19,20033015,BASTIA_SAPC,2.6,20.7,28.2,0,
30007,2026-09-19,30243001,ST CHRISTOL-LES-ALES,3.7,12.9,31.1,0,
30189,2026-09-19,30189001,NIMES-COURBESSAC,5.8,17.3,30.8,0,20.52
31149,2026-09-19,31069001,TOULOUSE-BLAGNAC,4.5,14.2,26.9,0,16.56
31555,2026-09-19,31069001,TOULOUSE-BLAGNAC,4.9,14.2,26.9,0,16.56
33063,2026-09-19,33063001,BORDEAUX-PAULIN,1.4,10.9,27.4,0,
33281,2026-09-19,33281001,BORDEAUX-MERIGNAC,0.7,8.9,27.5,0,20.52
33318,2026-09-19,33281001,BORDEAUX-MERIGNAC,5,8.9,27.5,0,20.52
33522,2026-09-19,33550001,VILLENAVE D'ORNON-INRAE,2.2,9.5,27.5,0,
33550,2026-09-19,33080001,CADAUJAC-INRAE,2.4,7.9,27.3,0,
34032,2026-09-19,34032002,BEZIERS-COURTADE,6.6,10.3,30,0,
34172,2026-09-19,34337001,VILLENEUVE-LES-MAG-INRAE,8.2,15.7,28,0,
34301,2026-09-19,34301002,SETE,4.1,19.1,26.6,0,25.56
35238,2026-09-19,35238003,RENNES GALLET,3.5,12.1,25.1,0,
35288,2026-09-19,35228001,DINARD,8.6,10.6,23.4,0,28.44
36044,2026-09-19,36063001,CHATEAUROUX  DEOLS,8.4,8.3,26.1,0,15.48
37122,2026-09-19,37122001,JOUE-LES-TOURS OB,1.4,8.2,25,0,
37261,2026-09-19,37179001,TOURS,6.1,10.1,24.6,0,19.08
38185,2026-09-19,38185012,GRENOBLE-CEA-RADOME,4,11.4,27.8,0,12.96
38421,2026-09-19,38185012,GRENOBLE-CEA-RADOME,7.4,11.4,27.8,0,12.96
41018,2026-09-19,41018001,BLOIS - VILLE,2.7,7.4,25.3,0,
42218,2026-09-19,42218011,SAINT-ETIENNE,1.3,9.7,25,0,11.52
44109,2026-09-19,44109012,NANTES-VILLE,3.7,9.8,24.3,0,
44143,2026-09-19,44020001,NANTES-BOUGUENAIS,4.7,10.3,23.7,0.2,20.88
44162,2026-09-19,44020001,NANTES-BOUGUENAIS,8.5,10.3,23.7,0.2,20.88
44184,2026-09-19,44103001,ST NAZAIRE-MONTOIR,7.6,13.8,22.2,0,25.2
45169,2026-09-19,45055001,ORLEANS,8.2,9,24.8,0,25.56
45234,2026-09-19,45193001,MARCILLY-EN-V.,14.2,8,26.6,0,
49007,2026-09-19,49007011,ANGERS VILLE,3.2,10.8,26.1,0,
49099,2026-09-19,49099003,CHOLET,4.9,10.9,24.3,0,18
50129,2026-09-19,50209001,GONNEVILLE,12.7,15.1,21.6,0.4,35.64
51108,2026-09-19,51242001,FAGNIERES-INRAE,6,9,24.5,0,
51454,2026-09-19,51449002,REIMS-PRUNAY,8.7,7.2,24.7,0,22.68
53130,2026-09-19,53130008,LAVAL-ETRONNIER,3.5,9.7,25,0.2,21.6
54395,2026-09-19,54526001,NANCY-ESSEY,3.5,7.7,25.5,0,17.64
56121,2026-09-19,56185001,LORIENT-LANN BIHOUE,4.4,13.2,21.7,0.2,28.44
56260,2026-09-19,56243001,VANNES-SENE,6.5,11.6,24,0,13.32
57463,2026-09-19,57039001,METZ-FRESCATY,6.5,7.8,24.2,0,18
57672,2026-09-19,57689001,VALMESTROFF,8.7,10.6,24,0,19.44
59009,2026-09-19,59512001,ROUBAIX,8,15.4,20.9,1,
59178,2026-09-19,59178001,DOUAI,2.7,14.1,22.4,0,
59183,2026-09-19,59183001,DUNKERQUE,4.2,17.5,21.1,5.6,30.6
59350,2026-09-19,59343001,LILLE-LESQUIN,7.7,14.7,20.2,0.6,33.48
59378,2026-09-19,59512001,ROUBAIX,6.4,15.4,20.9,1,
59512,2026-09-19,59512001,ROUBAIX,2.1,15.4,20.9,1,
59599,2026-09-19,59512001,ROUBAIX,2.2,15.4,20.9,1,
59606,2026-09-19,59606004,VALENCIENNES,5.3,14.4,23,0,29.52
59650,2026-09-19,59512001,ROUBAIX,2.6,15.4,20.9,1,
60057,2026-09-19,60639001,BEAUVAIS-TILLE,2.9,10.4,24.3,0,25.2
60159,2026-09-19,60382001,MARGNY-LES-COMPIEGNE,5,10.6,24,0.2,26.64
62041,2026-09-19,62873001,ARRAS,8.2,13.7,22.1,0,29.88
62160,2026-09-19,62160001,BOULOGNE-SEM,0.5,17,18.7,2.8,49.32
62193,2026-09-19,62548002,CALAIS-MARCK,6.2,17.3,20.4,1.2,45.36
63113,2026-09-19,63113001,CLERMONT-FD,2.8,9.5,26,0,10.08
64024,2026-09-19,64024001,BIARRITZ-PAYS-BASQUE,2.5,11.1,24.3,0.2,20.52
64102,2026-09-19,64024001,BIARRITZ-PAYS-BASQUE,6.1,11.1,24.3,0.2,20.52
64445,2026-09-19,64549001,PAU-UZEIN,9.2,9.6,27.5,0,13.32
65440,2026-09-19,65344001,TARBES-LOURDES-PYRENEES,7.7,9.2,26.2,0,12.24
66136,2026-09-19,66136001,PERPIGNAN,5,15.9,28.6,0,21.24
67482,2026-09-19,67482001,STRASBOURG - BOTANIQUE,1.5,10.9,24.4,0,
68066,2026-09-19,68066001,COLMAR-INRAE,7.1,5.4,26.6,0,
68224,2026-09-19,68224006,MULHOUSE,2.8,8.2,26,0,15.12
69029,2026-09-19,69029001,LYON-BRON,3.3,10,26.7,0,11.88
69034,2026-09-19,69123002,LYON TETE D'OR,2.9,12,27.7,0,
69123,2026-09-19,69123002,LYON TETE D'OR,2.3,12,27.7,0,
69149,2026-09-19,69204002,ST-GENIS-LAVAL,2.7,12.3,27.1,0,
69256,2026-09-19,69123002,LYON TETE D'OR,5.4,12,27.7,0,
69259,2026-09-19,69029001,LYON-BRON,5.8,10,26.7,0,11.88
69266,2026-09-19,69123002,LYON TETE D'OR,2.7,12,27.7,0,
69290,2026-09-19,69029001,LYON-BRON,2.2,10,26.7,0,11.88
71076,2026-09-19,71081001,CHALON-CHAMPFO,4.6,7.4,26.5,0,12.96
72181,2026-09-19,72181001,LE MANS,4,8.4,25.4,0,16.92
73065,2026-09-19,73064001,CHALLES LES EAUX,5.3,8.2,26.8,0,
74010,2026-09-19,74093001,CRAN-GEVRIER,1.7,8.3,26.9,0,
74012,2026-09-19,74133001,GAILLARD,3.2,8.4,26.4,0,
74281,2026-09-19,74281001,THONON-INRAE,1.9,11.9,22.8,0,
75056,2026-09-19,75106001,LUXEMBOURG,1.7,14.8,26.5,0,
76351,2026-09-19,76552001,CAP-DE-LA-HEVE,4.6,15.1,20.7,0,34.92
76540,2026-09-19,76540009,ROUEN - JARDIN,2.3,11.9,23.9,0,
77108,2026-09-19,93050001,NEUILLY-SUR-M.,4.5,12.2,26.1,0,
77284,2026-09-19,77084001,CHANGIS,8,11.4,26.3,0,22.68
77288,2026-09-19,77306001,MELUN,7.8,9.3,26,0,26.28
77373,2026-09-19,77468001,TORCY,8.7,11.7,25.3,0,13.68
78361,2026-09-19,78354001,MAGNANVILLE,3.8,10.2,26.3,0,21.6
78498,2026-09-19,78481001,LE PECQ,7.8,11.7,27,0,
78551,2026-09-19,78481001,LE PECQ,4.9,11.7,27,0,
78586,2026-09-19,78005002,ACHERES,6.2,8.6,26.2,0,17.28
78646,2026-09-19,78646002,VERSAILLES- INRAE,2.1,10.4,25.3,0,
79191,2026-09-19,79191005,NIORT,4.9,7.7,24.3,0,16.56
80021,2026-09-19,80379002,AMIENS-GLISY,7.6,12.7,23.3,0,26.64
81004,2026-09-19,81284001,ALBI,2,10.5,28,0,11.88
81065,2026-09-19,81182004,MONTREDON-LABESSONNIE,15.3,11.2,24.8,0,14.04
82121,2026-09-19,82121002,MONTAUBAN,1.2,11.7,27.7,0,13.32
83050,2026-09-19,83050007,DRAGUIGNAN_SAPC,1.3,16.7,28.6,0,
83061,2026-09-19,83061001,FREJUS,5.2,17.6,27.7,0,15.12
83069,2026-09-19,83069001,HYERES,7.4,16.6,26.8,0,31.32
83126,2026-09-19,83137001,TOULON,3.8,17.2,28.1,0,15.48
83137,2026-09-19,83137001,TOULON,3.7,17.2,28.1,0,15.48
84007,2026-09-19,84007005,AVIGNON,6.5,12.4,29.8,0,21.24
85191,2026-09-19,85191003,LA ROCHE SUR YON,5.1,10,23.7,0.2,18
85194,2026-09-19,85060002,CHATEAU-D'OLONNE,6.1,11.8,22,0.2,15.12
86194,2026-09-19,86027001,POITIERS-BIARD,4.5,8.2,24.9,0,15.84
87085,2026-09-19,87085006,LIMOGES-BELLEGARDE,4,9.4,24,0,11.52
90010,2026-09-19,90035001,DORANS,6,9,24,0,13.68
91174,2026-09-19,91103001,BRETIGNY_SAPC,10.2,8.8,24.8,0,
91228,2026-09-19,91103001,BRETIGNY_SAPC,8.4,8.8,24.8,0,
91377,2026-09-19,78640001,VILLACOUBLAY,7,11.6,24.1,0,20.52
91589,2026-09-19,91027002,ORLY,5.1,11.7,25.3,0,22.68
92002,2026-09-19,78640001,VILLACOUBLAY,7.3,11.6,24.1,0,20.52
92004,2026-09-19,75110001,LARIBOISIERE,5.8,16.2,25.1,0,
92007,2026-09-19,75114001,PARIS-MONTSOURIS,3.4,12.7,24.7,0,17.28
92012,2026-09-19,75116008,LONGCHAMP,2,12.6,26,0,15.12
92023,2026-09-19,78640001,VILLACOUBLAY,4.3,11.6,24.1,0,20.52
92024,2026-09-19,75110001,LARIBOISIERE,4.2,16.2,25.1,0,
92025,2026-09-19,92073001,SURESNES,5.8,13,26,0,
92026,2026-09-19,92073001,SURESNES,3.4,13,26,0,
92036,2026-09-19,75110001,LARIBOISIERE,7.2,16.2,25.1,0,
92040,2026-09-19,75116008,LONGCHAMP,4,12.6,26,0,15.12
92044,2026-09-19,75107005,TOUR EIFFEL,4.1,13.5,24,,
92048,2026-09-19,78640001,VILLACOUBLAY,3.8,11.6,24.1,0,20.52
92049,2026-09-19,75114001,PARIS-MONTSOURIS,1.7,12.7,24.7,0,17.28
92050,2026-09-19,92073001,SURESNES,3.8,13,26,0,
92051,2026-09-19,92073001,SURESNES,2.8,13,26,0,
92062,2026-09-19,92073001,SURESNES,1.3,13,26,0,
92063,2026-09-19,92073001,SURESNES,3.9,13,26,0,
92073,2026-09-19,92073001,SURESNES,1.2,13,26,0,
93001,2026-09-19,75110001,LARIBOISIERE,4.3,16.2,25.1,0,
93005,2026-09-19,95088001,LE BOURGET,5.3,12.7,25.4,0,24.12
93006,2026-09-19,75110001,LARIBOISIERE,5.6,16.2,25.1,0,
93007,2026-09-19,95088001,LE BOURGET,4,12.7,25.4,0,24.12
93008,2026-09-19,95088001,LE BOURGET,6.8,12.7,25.4,0,24.12
93010,2026-09-19,93050001,NEUILLY-SUR-M.,6.6,12.2,26.1,0,
93027,2026-09-19,95088001,LE BOURGET,4.3,12.7,25.4,0,24.12
93029,2026-09-19,95088001,LE BOURGET,4.9,12.7,25.4,0,24.12
93031,2026-09-19,95088001,LE BOURGET,8.2,12.7,25.4,0,24.12
93032,2026-09-19,93050001,NEUILLY-SUR-M.,2.5,12.2,26.1,0,
93046,2026-09-19,93050001,NEUILLY-SUR-M.,6.6,12.2,26.1,0,
93048,2026-09-19,94068001,ST-MAUR,6.9,11.8,26.5,0,
93050,2026-09-19,93050001,NEUILLY-SUR-M.,0.6,12.2,26.1,0,
93051,2026-09-19,93050001,NEUILLY-SUR-M.,3.1,12.2,26.1,0,
93053,2026-09-19,93050001,NEUILLY-SUR-M.,7.4,12.2,26.1,0,
93055,2026-09-19,75110001,LARIBOISIERE,4.6,16.2,25.1,0,
93064,2026-09-19,93050001,NEUILLY-SUR-M.,4.6,12.2,26.1,0,
93066,2026-09-19,95088001,LE BOURGET,5.6,12.7,25.4,0,24.12
93070,2026-09-19,75110001,LARIBOISIERE,3.5,16.2,25.1,0,
93071,2026-09-19,95088001,LE BOURGET,8.2,12.7,25.4,0,24.12
93072,2026-09-19,95088001,LE BOURGET,3.2,12.7,25.4,0,24.12
93073,2026-09-19,95527001,ROISSY,4.6,13.1,24.9,0,26.28
93078,2026-09-19,95527001,ROISSY,6.6,13.1,24.9,0,26.28
94002,2026-09-19,94068001,ST-MAUR,5.4,11.8,26.5,0,
94017,2026-09-19,94068001,ST-MAUR,2.3,11.8,26.5,0,
94022,2026-09-19,91027002,ORLY,5.3,11.7,25.3,0,22.68
94028,2026-09-19,94068001,ST-MAUR,4,11.8,26.5,0,
94033,2026-09-19,94068001,ST-MAUR,4.8,11.8,26.5,0,
94041,2026-09-19,75114001,PARIS-MONTSOURIS,3.8,12.7,24.7,0,17.28
94046,2026-09-19,94068001,ST-MAUR,3.9,11.8,26.5,0,
94068,2026-09-19,94068001,ST-MAUR,1,11.8,26.5,0,
94076,2026-09-19,75114001,PARIS-MONTSOURIS,3.5,12.7,24.7,0,17.28
94080,2026-09-19,94068001,ST-MAUR,5.8,11.8,26.5,0,
94081,2026-09-19,75114001,PARIS-MONTSOURIS,5.5,12.7,24.7,0,17.28
95018,2026-09-19,92073001,SURESNES,8.9,13,26,0,
95127,2026-09-19,95078001,PONTOISE - AERO,6.1,9.6,25.1,0.2,23.04
95252,2026-09-19,78005002,ACHERES,7.1,8.6,26.2,0,17.28
95268,2026-09-19,95088001,LE BOURGET,1.8,12.7,25.4,0,24.12
95585,2026-09-19,95088001,LE BOURGET,4.1,12.7,25.4,0,24.12
01053,2026-09-20,01072001,CEYZERIAT_SAPC,3.1,7.6,27.6,,
02691,2026-09-20,02320001,ST QUENTIN,6.2,14,21.4,0.4,27
05061,2026-09-20,05061009,GAP,1.5,12,28,0,29.52
06004,2026-09-20,06004004,ANTIBES-GOLF,1.1,16.8,30.3,0,
06027,2026-09-20,06088001,NICE,5.3,21.4,29.1,0,22.32
06029,2026-09-20,06029001,CANNES,5.4,17.8,28.9,0,26.28
06030,2026-09-20,06029001,CANNES,4.5,17.8,28.9,0,26.28
06069,2026-09-20,06038001,CHATEAUNEUF GRASSE,5.4,19.3,28.4,0,16.92
06088,2026-09-20,06088007,NICE-RIMIEZ,4.5,18.7,27.4,0,18.36
08105,2026-09-20,08105005,CHARLEVILLE-MEZ,6.3,7,19.7,0.6,32.04
10387,2026-09-20,10030001,TROYES-BARBEREY,5.5,7.9,25.5,0,25.56
11069,2026-09-20,11069001,CARCASSONNE,4.4,9.9,31.7,0,24.12
11262,2026-09-20,11262005,NARBONNE,6.3,17,33.5,0,21.24
13001,2026-09-20,13001009,AIX EN PROVENCE,3,13.4,31.5,0.2,14.76
13004,2026-09-20,13004003,ARLES,5.1,13,30.6,0,37.8
13005,2026-09-20,13005003,AUBAGNE,3.5,12.6,31.1,0.2,16.56
13028,2026-09-20,13028001,BEC DE L AIGLE,3.8,21.1,26.9,0,30.96
13047,2026-09-20,13047001,ISTRES,3,15.8,31.8,0,32.04
13055,2026-09-20,13055001,MARSEILLE-OBS,3,18,28.5,0,
13056,2026-09-20,13054001,MARIGNANE,14.7,14.5,30.9,0,31.68
13103,2026-09-20,13103001,SALON DE PROVENCE,5.8,11.6,31.4,0,35.28
14118,2026-09-20,14137001,CAEN-CARPIQUET,6.1,15.1,21.5,0.8,28.08
16015,2026-09-20,16113001,LA COURONNE,4,8.3,28.1,0.2,12.96
17300,2026-09-20,17300009,LA ROCHELLE-ILE DE RE,2.2,12.2,23.7,0.2,26.64
18033,2026-09-20,18033001,BOURGES,3.6,9.6,26.6,0,14.04
19031,2026-09-20,19031008,BRIVE,3.2,9.5,30.9,0,13.32
21231,2026-09-20,21231001,DIJON,2,9.4,27.2,0,
22278,2026-09-20,22372001,ST BRIEUC,7,14.9,21.1,0.2,17.28
25056,2026-09-20,25056001,BESANCON,2.2,9.8,25.8,0,11.16
26198,2026-09-20,26198001,MONTELIMAR,3.1,11.4,29.9,0,31.32
26362,2026-09-20,26064001,VALENCE-CHABEUI,4.5,8.4,30.4,0,32.04
27229,2026-09-20,27306001,GUICHAINVILLE,5.5,12.4,22.7,1,
28085,2026-09-20,28070001,CHARTRES,1.4,10.5,23.7,0,15.12
29019,2026-09-20,29075001,BREST-GUIPAVAS,9.5,13.8,21.3,0.4,15.84
29232,2026-09-20,29216001,QUIMPER,5.5,15.4,23.4,0,18.72
2A004,2026-09-20,20004014,AJACCIO-MILELLI_SAPC,2.1,18.4,30.6,0,
2B033,2026-09-20,20033015,BASTIA_SAPC,2.6,20.4,30.3,0,
30007,2026-09-20,30243001,ST CHRISTOL-LES-ALES,3.7,11.8,34.7,0,
30189,2026-09-20,30189001,NIMES-COURBESSAC,5.8,13.1,34.7,0,20.52
31149,2026-09-20,31069001,TOULOUSE-BLAGNAC,4.5,11.5,30.3,0,14.76
31555,2026-09-20,31069001,TOULOUSE-BLAGNAC,4.9,11.5,30.3,0,14.76
33063,2026-09-20,33063001,BORDEAUX-PAULIN,1.4,13.4,28.8,0.2,
33281,2026-09-20,33281001,BORDEAUX-MERIGNAC,0.7,12.8,28.5,0,20.88
33318,2026-09-20,33281001,BORDEAUX-MERIGNAC,5,12.8,28.5,0,20.88
33522,2026-09-20,33550001,VILLENAVE D'ORNON-INRAE,2.2,13,28.7,0,
33550,2026-09-20,33080001,CADAUJAC-INRAE,2.4,11.1,28.5,0.5,
34032,2026-09-20,34032002,BEZIERS-COURTADE,6.6,10,33.7,0,
34172,2026-09-20,34337001,VILLENEUVE-LES-MAG-INRAE,8.2,15.1,27.9,0,
34301,2026-09-20,34301002,SETE,4.1,19.6,25.7,0,21.6
35238,2026-09-20,35238003,RENNES GALLET,3.5,13.4,22,0,
35288,2026-09-20,35228001,DINARD,8.6,14.5,21.5,0,22.68
36044,2026-09-20,36063001,CHATEAUROUX  DEOLS,8.4,9.1,27.3,0,20.88
37122,2026-09-20,37122001,JOUE-LES-TOURS OB,1.4,9.1,26,0.2,
37261,2026-09-20,37179001,TOURS,6.1,10.9,23.8,0,17.28
38185,2026-09-20,38185012,GRENOBLE-CEA-RADOME,4,14.1,29.5,0,14.4
38421,2026-09-20,38185012,GRENOBLE-CEA-RADOME,7.4,14.1,29.5,0,14.4
41018,2026-09-20,41018001,BLOIS - VILLE,2.7,8.5,25,0,
42218,2026-09-20,42218011,SAINT-ETIENNE,1.3,9.2,27.7,0,19.44
44109,2026-09-20,44109012,NANTES-VILLE,3.7,9.9,26.4,0.2,
44143,2026-09-20,44020001,NANTES-BOUGUENAIS,4.7,8.9,25.8,0.2,16.2
44162,2026-09-20,44020001,NANTES-BOUGUENAIS,8.5,8.9,25.8,0.2,16.2
44184,2026-09-20,44103001,ST NAZAIRE-MONTOIR,7.6,11,25.2,0.2,19.08
45169,2026-09-20,45055001,ORLEANS,8.2,10.6,25.3,0,21.6
45234,2026-09-20,45193001,MARCILLY-EN-V.,14.2,9.3,25.5,0,
49007,2026-09-20,49007011,ANGERS VILLE,3.2,12.4,25.9,0,
49099,2026-09-20,49099003,CHOLET,4.9,10.4,24.7,0.1,15.12
50129,2026-09-20,50209001,GONNEVILLE,12.7,16,19.9,0.6,26.64
51108,2026-09-20,51242001,FAGNIERES-INRAE,6,8.1,24.1,0,
51454,2026-09-20,51449002,REIMS-PRUNAY,8.7,6.5,22.7,0.2,23.76
53130,2026-09-20,53130008,LAVAL-ETRONNIER,3.5,11.3,21.5,0.2,16.56
54395,2026-09-20,54526001,NANCY-ESSEY,3.5,8.7,25.6,0.2,28.08
56121,2026-09-20,56185001,LORIENT-LANN BIHOUE,4.4,15.1,22.7,0,28.08
56260,2026-09-20,56243001,VANNES-SENE,6.5,13.5,25.1,0.2,11.88
57463,2026-09-20,57039001,METZ-FRESCATY,6.5,8.7,23.2,0.4,22.32
57672,2026-09-20,57689001,VALMESTROFF,8.7,11.1,22.1,0.4,28.08
59009,2026-09-20,59512001,ROUBAIX,8,16.4,21.2,2.2,
59178,2026-09-20,59178001,DOUAI,2.7,16,21.2,1.6,
59183,2026-09-20,59183001,DUNKERQUE,4.2,15.8,18.9,0,34.56
59350,2026-09-20,59343001,LILLE-LESQUIN,7.7,16.2,20.7,2.6,26.28
59378,2026-09-20,59512001,ROUBAIX,6.4,16.4,21.2,2.2,
59512,2026-09-20,59512001,ROUBAIX,2.1,16.4,21.2,2.2,
59599,2026-09-20,59512001,ROUBAIX,2.2,16.4,21.2,2.2,
59606,2026-09-20,59606004,VALENCIENNES,5.3,15.3,20.5,0.9,24.12
59650,2026-09-20,59512001,ROUBAIX,2.6,16.4,21.2,2.2,
60057,2026-09-20,60639001,BEAUVAIS-TILLE,2.9,14.1,22.7,0.2,26.64
60159,2026-09-20,60382001,MARGNY-LES-COMPIEGNE,5,12.3,22.2,0.4,22.68
62041,2026-09-20,62873001,ARRAS,8.2,15.5,21.3,1.4,26.28
62160,2026-09-20,62160001,BOULOGNE-SEM,0.5,16.1,19.3,0.2,33.84
62193,2026-09-20,62548002,CALAIS-MARCK,6.2,15.9,19.3,0.2,31.32
63113,2026-09-20,63113001,CLERMONT-FD,2.8,10.9,27.7,0,17.28
64024,2026-09-20,64024001,BIARRITZ-PAYS-BASQUE,2.5,14.3,23.9,0.2,18.36
64102,2026-09-20,64024001,BIARRITZ-PAYS-BASQUE,6.1,14.3,23.9,0.2,18.36
64445,2026-09-20,64549001,PAU-UZEIN,9.2,11,29.8,0.2,14.04
65440,2026-09-20,65344001,TARBES-LOURDES-PYRENEES,7.7,11.1,28.3,0,16.2
66136,2026-09-20,66136001,PERPIGNAN,5,16.2,31.6,0,29.52
67482,2026-09-20,67482001,STRASBOURG - BOTANIQUE,1.5,12.9,26.7,0,
68066,2026-09-20,68066001,COLMAR-INRAE,7.1,6,28.8,0,
68224,2026-09-20,68224006,MULHOUSE,2.8,11,26.4,0,27.72
69029,2026-09-20,69029001,LYON-BRON,3.3,9.4,28.6,0,17.28
69034,2026-09-20,69123002,LYON TETE D'OR,2.9,11.5,28.5,0,
69123,2026-09-20,69123002,LYON TETE D'OR,2.3,11.5,28.5,0,
69149,2026-09-20,69204002,ST-GENIS-LAVAL,2.7,13.2,30,0,
69256,2026-09-20,69123002,LYON TETE D'OR,5.4,11.5,28.5,0,
69259,2026-09-20,69029001,LYON-BRON,5.8,9.4,28.6,0,17.28
69266,2026-09-20,69123002,LYON TETE D'OR,2.7,11.5,28.5,0,
69290,2026-09-20,69029001,LYON-BRON,2.2,9.4,28.6,0,17.28
71076,2026-09-20,71081001,CHALON-CHAMPFO,4.6,7.5,27.7,0,14.4
72181,2026-09-20,72181001,LE MANS,4,10.6,23.6,0.2,14.76
73065,2026-09-20,73064001,CHALLES LES EAUX,5.3,9.9,29.5,0,
74010,2026-09-20,74093001,CRAN-GEVRIER,1.7,9,29,0,
74012,2026-09-20,74133001,GAILLARD,3.2,8.9,28.7,0,
74281,2026-09-20,74281001,THONON-INRAE,1.9,13.1,23.7,0,
75056,2026-09-20,75106001,LUXEMBOURG,1.7,16,24.1,0,
76351,2026-09-20,76552001,CAP-DE-LA-HEVE,4.6,17.1,20.1,1.2,32.76
76540,2026-09-20,76540009,ROUEN - JARDIN,2.3,13.9,23.6,0.2,
77108,2026-09-20,93050001,NEUILLY-SUR-M.,4.5,10.5,24.1,0,
77284,2026-09-20,77084001,CHANGIS,8,9.6,24.3,0,20.16
77288,2026-09-20,77306001,MELUN,7.8,10.3,25.2,0,24.12
77373,2026-09-20,77468001,TORCY,8.7,10.1,24.6,0,11.52
78361,2026-09-20,78354001,MAGNANVILLE,3.8,12.3,22.7,0.2,20.88
78498,2026-09-20,78481001,LE PECQ,7.8,13.3,25,0,
78551,2026-09-20,78481001,LE PECQ,4.9,13.3,25,0,
78586,2026-09-20,78005002,ACHERES,6.2,9.7,24,0,15.12
78646,2026-09-20,78646002,VERSAILLES- INRAE,2.1,9.7,23,0,
79191,2026-09-20,79191005,NIORT,4.9,8.2,27,0,14.4
80021,2026-09-20,80379002,AMIENS-GLISY,7.6,16.5,21.7,0.5,23.4
81004,2026-09-20,81284001,ALBI,2,11.5,31.7,0,16.92
81065,2026-09-20,81182004,MONTREDON-LABESSONNIE,15.3,13.3,27.9,0,15.84
82121,2026-09-20,82121002,MONTAUBAN,1.2,10,30.6,0,14.76
83050,2026-09-20,83050007,DRAGUIGNAN_SAPC,1.3,15.7,31.7,0,
83061,2026-09-20,83061001,FREJUS,5.2,18.5,30,0,20.16
83069,2026-09-20,83069001,HYERES,7.4,15.1,28.3,0,21.6
83126,2026-09-20,83137001,TOULON,3.8,17.4,29,0,20.52
83137,2026-09-20,83137001,TOULON,3.7,17.4,29,0,20.52
84007,2026-09-20,84007005,AVIGNON,6.5,11,32.8,0,39.96
85191,2026-09-20,85191003,LA ROCHE SUR YON,5.1,9.5,25.7,0.2,16.56
85194,2026-09-20,85060002,CHATEAU-D'OLONNE,6.1,11.1,23.6,0.2,21.96
86194,2026-09-20,86027001,POITIERS-BIARD,4.5,10,25.7,0.2,18
87085,2026-09-20,87085006,LIMOGES-BELLEGARDE,4,12.1,25.9,0,16.2
90010,2026-09-20,90035001,DORANS,6,10.2,25.2,0,16.56
91174,2026-09-20,91103001,BRETIGNY_SAPC,10.2,11,24,0,
91228,2026-09-20,91103001,BRETIGNY_SAPC,8.4,11,24,0,
91377,2026-09-20,78640001,VILLACOUBLAY,7,12.1,22.4,0,27
91589,2026-09-20,91027002,ORLY,5.1,12.1,24,0,20.52
92002,2026-09-20,78640001,VILLACOUBLAY,7.3,12.1,22.4,0,27
92004,2026-09-20,75110001,LARIBOISIERE,5.8,17.6,23.7,0,
92007,2026-09-20,75114001,PARIS-MONTSOURIS,3.4,16,22.9,0,17.28
92012,2026-09-20,75116008,LONGCHAMP,2,11.2,23.8,0.2,14.76
92023,2026-09-20,78640001,VILLACOUBLAY,4.3,12.1,22.4,0,27
92024,2026-09-20,75110001,LARIBOISIERE,4.2,17.6,23.7,0,
92025,2026-09-20,92073001,SURESNES,5.8,13.6,23.7,0,
92026,2026-09-20,92073001,SURESNES,3.4,13.6,23.7,0,
92036,2026-09-20,75110001,LARIBOISIERE,7.2,17.6,23.7,0,
92040,2026-09-20,75116008,LONGCHAMP,4,11.2,23.8,0.2,14.76
92044,2026-09-20,75107005,TOUR EIFFEL,4.1,14.9,23.7,,
92048,2026-09-20,78640001,VILLACOUBLAY,3.8,12.1,22.4,0,27
92049,2026-09-20,75114001,PARIS-MONTSOURIS,1.7,16,22.9,0,17.28
92050,2026-09-20,92073001,SURESNES,3.8,13.6,23.7,0,
92051,2026-09-20,92073001,SURESNES,2.8,13.6,23.7,0,
92062,2026-09-20,92073001,SURESNES,1.3,13.6,23.7,0,
92063,2026-09-20,92073001,SURESNES,3.9,13.6,23.7,0,
92073,2026-09-20,92073001,SURESNES,1.2,13.6,23.7,0,
93001,2026-09-20,75110001,LARIBOISIERE,4.3,17.6,23.7,0,
93005,2026-09-20,95088001,LE BOURGET,5.3,12.7,23.8,0.2,21.96
93006,2026-09-20,75110001,LARIBOISIERE,5.6,17.6,23.7,0,
93007,2026-09-20,95088001,LE BOURGET,4,12.7,23.8,0.2,21.96
93008,2026-09-20,95088001,LE BOURGET,6.8,12.7,23.8,0.2,21.96
93010,2026-09-20,93050001,NEUILLY-SUR-M.,6.6,10.5,24.1,0,
93027,2026-09-20,95088001,LE BOURGET,4.3,12.7,23.8,0.2,21.96
93029,2026-09-20,95088001,LE BOURGET,4.9,12.7,23.8,0.2,21.96
93031,2026-09-20,95088001,LE BOURGET,8.2,12.7,23.8,0.2,21.96
93032,2026-09-20,93050001,NEUILLY-SUR-M.,2.5,10.5,24.1,0,
93046,2026-09-20,93050001,NEUILLY-SUR-M.,6.6,10.5,24.1,0,
93048,2026-09-20,94068001,ST-MAUR,6.9,12.6,24.6,0,
93050,2026-09-20,93050001,NEUILLY-SUR-M.,0.6,10.5,24.1,0,
93051,2026-09-20,93050001,NEUILLY-SUR-M.,3.1,10.5,24.1,0,
93053,2026-09-20,93050001,NEUILLY-SUR-M.,7.4,10.5,24.1,0,
93055,2026-09-20,75110001,LARIBOISIERE,4.6,17.6,23.7,0,
93064,2026-09-20,93050001,NEUILLY-SUR-M.,4.6,10.5,24.1,0,
93066,2026-09-20,95088001,LE BOURGET,5.6,12.7,23.8,0.2,21.96
93070,2026-09-20,75110001,LARIBOISIERE,3.5,17.6,23.7,0,
93071,2026-09-20,95088001,LE BOURGET,8.2,12.7,23.8,0.2,21.96
93072,2026-09-20,95088001,LE BOURGET,3.2,12.7,23.8,0.2,21.96
93073,2026-09-20,95527001,ROISSY,4.6,14.8,23.5,0,24.48
93078,2026-09-20,95527001,ROISSY,6.6,14.8,23.5,0,24.48
94002,2026-09-20,94068001,ST-MAUR,5.4,12.6,24.6,0,
94017,2026-09-20,94068001,ST-MAUR,2.3,12.6,24.6,0,
94022,2026-09-20,91027002,ORLY,5.3,12.1,24,0,20.52
94028,2026-09-20,94068001,ST-MAUR,4,12.6,24.6,0,
94033,2026-09-20,94068001,ST-MAUR,4.8,12.6,24.6,0,
94041,2026-09-20,75114001,PARIS-MONTSOURIS,3.8,16,22.9,0,17.28
94046,2026-09-20,94068001,ST-MAUR,3.9,12.6,24.6,0,
94068,2026-09-20,94068001,ST-MAUR,1,12.6,24.6,0,
94076,2026-09-20,75114001,PARIS-MONTSOURIS,3.5,16,22.9,0,17.28
94080,2026-09-20,94068001,ST-MAUR,5.8,12.6,24.6,0,
94081,2026-09-20,75114001,PARIS-MONTSOURIS,5.5,16,22.9,0,17.28
95018,2026-09-20,92073001,SURESNES,8.9,13.6,23.7,0,
95127,2026-09-20,95078001,PONTOISE - AERO,6.1,10.1,23.2,0,22.68
95252,2026-09-20,78005002,ACHERES,7.1,9.7,24,0,15.12
95268,2026-09-20,95088001,LE BOURGET,1.8,12.7,23.8,0.2,21.96
95585,2026-09-20,95088001,LE BOURGET,4.1,12.7,23.8,0.2,21.96
01053,2026-09-21,01200002,LA BALME SUR CERDON_SAPC,22,12.7,22.9,0,
02691,2026-09-21,02320001,ST QUENTIN,6.2,6.8,22,0,13.68
05061,2026-09-21,05061009,GAP,1.5,13.7,25.7,0,34.2
06004,2026-09-21,06004004,ANTIBES-GOLF,1.1,18.5,29.3,0,
06027,2026-09-21,06088001,NICE,5.3,21.5,26.6,0,22.68
06029,2026-09-21,06029001,CANNES,5.4,17.1,28,0,15.48
06030,2026-09-21,06029001,CANNES,4.5,17.1,28,0,15.48
06069,2026-09-21,06038001,CHATEAUNEUF GRASSE,5.4,19.6,28.6,0,17.28
06088,2026-09-21,06088007,NICE-RIMIEZ,4.5,18,26.1,0,17.28
08105,2026-09-21,08105005,CHARLEVILLE-MEZ,6.3,3,21.5,0,15.84
10387,2026-09-21,10030001,TROYES-BARBEREY,5.5,9.6,21.7,0,
11069,2026-09-21,11069001,CARCASSONNE,4.4,17.2,31.2,0,31.68
11262,2026-09-21,11262005,NARBONNE,6.3,20.8,32.8,0,29.52
13001,2026-09-21,13001009,AIX EN PROVENCE,3,13.1,31.8,0,14.76
13004,2026-09-21,13004003,ARLES,5.1,20.8,29.1,0,45.72
13005,2026-09-21,13005003,AUBAGNE,3.5,11.9,31.5,0,13.68
13028,2026-09-21,13028001,BEC DE L AIGLE,3.8,21,28.3,0,29.88
13047,2026-09-21,13047001,ISTRES,3,20.8,30.3,0,45
13055,2026-09-21,13055001,MARSEILLE-OBS,3,17.3,31,0,
13056,2026-09-21,13054001,MARIGNANE,14.7,13.7,31.2,0,33.84
13103,2026-09-21,13103001,SALON DE PROVENCE,5.8,18.6,30.1,0,38.88
14118,2026-09-21,14137001,CAEN-CARPIQUET,6.1,10.9,22.7,0,14.76
16015,2026-09-21,16113001,LA COURONNE,4,9.9,27.5,0,17.64
17300,2026-09-21,17300009,LA ROCHELLE-ILE DE RE,2.2,14.6,27.8,0,23.4
18033,2026-09-21,18033001,BOURGES,3.6,14.8,24.7,0,16.2
19031,2026-09-21,19031008,BRIVE,3.2,9.4,30.3,0,18
21231,2026-09-21,21231001,DIJON,2,11.7,23.8,0,
22278,2026-09-21,22372001,ST BRIEUC,7,14.8,21.4,0.2,18
25056,2026-09-21,25056001,BESANCON,2.2,13.2,22.4,0,15.12
26198,2026-09-21,26198001,MONTELIMAR,3.1,19.2,26.8,0,43.92
26362,2026-09-21,26064001,VALENCE-CHABEUI,4.5,15.4,27.1,0,45
27229,2026-09-21,27306001,GUICHAINVILLE,5.5,8.9,22.8,0,
28085,2026-09-21,28070001,CHARTRES,1.4,10.3,23.3,0,13.32
29019,2026-09-21,29075001,BREST-GUIPAVAS,9.5,12.6,23.5,0.4,17.28
29232,2026-09-21,29216001,QUIMPER,5.5,14.4,25.1,0.2,15.48
2A004,2026-09-21,20004014,AJACCIO-MILELLI_SAPC,2.1,18.1,30.6,0,
2B033,2026-09-21,20033015,BASTIA_SAPC,2.6,19.7,29.5,0,
30007,2026-09-21,30243001,ST CHRISTOL-LES-ALES,3.7,15.4,32.8,0,
30189,2026-09-21,30189001,NIMES-COURBESSAC,5.8,22.1,31.9,0,32.04
31149,2026-09-21,31069001,TOULOUSE-BLAGNAC,4.5,14.6,30,0,22.68
31555,2026-09-21,31069001,TOULOUSE-BLAGNAC,4.9,14.6,30,0,22.68
33063,2026-09-21,33063001,BORDEAUX-PAULIN,1.4,13.9,30.2,0,
33281,2026-09-21,33281001,BORDEAUX-MERIGNAC,0.7,13.9,29.8,0.2,23.76
33318,2026-09-21,33281001,BORDEAUX-MERIGNAC,5,13.9,29.8,0.2,23.76
33522,2026-09-21,33550001,VILLENAVE D'ORNON-INRAE,2.2,14,30.4,0,
33550,2026-09-21,33080001,CADAUJAC-INRAE,2.4,12.8,30.2,0,
34032,2026-09-21,34032002,BEZIERS-COURTADE,6.6,12.6,34.6,0,
34172,2026-09-21,34337001,VILLENEUVE-LES-MAG-INRAE,8.2,16.9,33.2,0,
34301,2026-09-21,34301002,SETE,4.1,21.8,31.8,0,29.52
35238,2026-09-21,35238003,RENNES GALLET,3.5,15.5,25.9,0.2,
35288,2026-09-21,35228001,DINARD,8.6,14.2,21.6,0.2,19.44
36044,2026-09-21,36063001,CHATEAUROUX  DEOLS,8.4,13.6,25.3,0,21.6
37122,2026-09-21,37122001,JOUE-LES-TOURS OB,1.4,12.3,27.6,0,
37261,2026-09-21,37179001,TOURS,6.1,14.2,24.6,0,19.44
38185,2026-09-21,38185012,GRENOBLE-CEA-RADOME,4,12.7,27.2,0,15.48
38421,2026-09-21,38185012,GRENOBLE-CEA-RADOME,7.4,12.7,27.2,0,15.48
41018,2026-09-21,41018001,BLOIS - VILLE,2.7,12.7,24.9,0,
42218,2026-09-21,42218011,SAINT-ETIENNE,1.3,12.5,23.5,0,25.2
44109,2026-09-21,44109012,NANTES-VILLE,3.7,15,26.9,0,
44143,2026-09-21,44020001,NANTES-BOUGUENAIS,4.7,14.9,27.1,0,19.08
44162,2026-09-21,44020001,NANTES-BOUGUENAIS,8.5,14.9,27.1,0,19.08
44184,2026-09-21,44103001,ST NAZAIRE-MONTOIR,7.6,15.4,26.9,0,19.8
45169,2026-09-21,45055001,ORLEANS,8.2,9.6,23.6,0,24.48
45234,2026-09-21,45193001,MARCILLY-EN-V.,14.2,10.9,24.5,0,
49007,2026-09-21,49007011,ANGERS VILLE,3.2,15.1,26.3,0,
49099,2026-09-21,49099003,CHOLET,4.9,14.5,25.4,0,22.32
50129,2026-09-21,50209001,GONNEVILLE,12.7,12.3,20.7,0.2,14.04
51108,2026-09-21,51242001,FAGNIERES-INRAE,6,6.5,21.4,0,
51454,2026-09-21,51449002,REIMS-PRUNAY,8.7,3.6,21.4,0.2,17.64
53130,2026-09-21,53130008,LAVAL-ETRONNIER,3.5,12.6,25.2,0,17.64
54395,2026-09-21,54526001,NANCY-ESSEY,3.5,8.7,21.1,0,19.44
56121,2026-09-21,56185001,LORIENT-LANN BIHOUE,4.4,13.9,24.8,0,20.16
56260,2026-09-21,56243001,VANNES-SENE,6.5,14.7,26.9,0,14.4
57463,2026-09-21,57039001,METZ-FRESCATY,6.5,7.7,20.8,0,16.2
57672,2026-09-21,57689001,VALMESTROFF,8.7,7.2,21.1,0,17.28
59009,2026-09-21,59512001,ROUBAIX,8,8.7,22.8,0,
59178,2026-09-21,59178001,DOUAI,2.7,7.4,22.5,0,
59183,2026-09-21,59183001,DUNKERQUE,4.2,11.8,19.4,0,14.04
59350,2026-09-21,59343001,LILLE-LESQUIN,7.7,8.9,22.3,0,16.56
59378,2026-09-21,59512001,ROUBAIX,6.4,8.7,22.8,0,
59512,2026-09-21,59512001,ROUBAIX,2.1,8.7,22.8,0,
59599,2026-09-21,59512001,ROUBAIX,2.2,8.7,22.8,0,
59606,2026-09-21,59606004,VALENCIENNES,5.3,6.8,21.6,0,12.6
59650,2026-09-21,59512001,ROUBAIX,2.6,8.7,22.8,0,
60057,2026-09-21,60639001,BEAUVAIS-TILLE,2.9,6.6,23.1,0,12.96
60159,2026-09-21,60382001,MARGNY-LES-COMPIEGNE,5,7.7,21.8,0,12.24
62041,2026-09-21,62873001,ARRAS,8.2,6.8,22.4,0,16.2
62160,2026-09-21,62160001,BOULOGNE-SEM,0.5,12.3,19.4,0,10.44
62193,2026-09-21,62548002,CALAIS-MARCK,6.2,9.8,19.9,0.2,15.84
63113,2026-09-21,63113001,CLERMONT-FD,2.8,10.1,24.8,0,21.6
64024,2026-09-21,64024001,BIARRITZ-PAYS-BASQUE,2.5,15.7,23.5,0.2,18
64102,2026-09-21,64024001,BIARRITZ-PAYS-BASQUE,6.1,15.7,23.5,0.2,18
64445,2026-09-21,64549001,PAU-UZEIN,9.2,12.1,29.2,0,14.04
65440,2026-09-21,65344001,TARBES-LOURDES-PYRENEES,7.7,11.7,28.5,0,14.76
66136,2026-09-21,66136001,PERPIGNAN,5,24.3,33.7,0,38.52
67482,2026-09-21,67482001,STRASBOURG - BOTANIQUE,1.5,13.1,20.1,0,
68066,2026-09-21,68066001,COLMAR-INRAE,7.1,13.8,21.9,0,
68224,2026-09-21,68224006,MULHOUSE,2.8,13.6,21.5,0,20.16
69029,2026-09-21,69029001,LYON-BRON,3.3,16.5,25.7,0,31.68
69034,2026-09-21,69123002,LYON TETE D'OR,2.9,17,25.2,0,
69123,2026-09-21,69123002,LYON TETE D'OR,2.3,17,25.2,0,
69149,2026-09-21,69204002,ST-GENIS-LAVAL,2.7,16.8,25.9,0,
69256,2026-09-21,69123002,LYON TETE D'OR,5.4,17,25.2,0,
69259,2026-09-21,69029001,LYON-BRON,5.8,16.5,25.7,0,31.68
69266,2026-09-21,69123002,LYON TETE D'OR,2.7,17,25.2,0,
69290,2026-09-21,69029001,LYON-BRON,2.2,16.5,25.7,0,31.68
71076,2026-09-21,71081001,CHALON-CHAMPFO,4.6,12.8,24.1,0,21.96
72181,2026-09-21,72181001,LE MANS,4,14.2,25,0,18
73065,2026-09-21,73064001,CHALLES LES EAUX,5.3,11.5,27.3,0,
74010,2026-09-21,74093001,CRAN-GEVRIER,1.7,9.2,26.6,0,
74012,2026-09-21,74133001,GAILLARD,3.2,8.9,28,0,
74281,2026-09-21,74281001,THONON-INRAE,1.9,13.9,24.4,0,
75056,2026-09-21,75106001,LUXEMBOURG,1.7,13.6,23.8,0,
76351,2026-09-21,76552001,CAP-DE-LA-HEVE,4.6,14.7,20.5,0,16.92
76540,2026-09-21,76540009,ROUEN - JARDIN,2.3,10.7,24.1,0,
77108,2026-09-21,93050001,NEUILLY-SUR-M.,4.5,9.6,24.1,0,
77284,2026-09-21,77084001,CHANGIS,8,8.5,23.4,0,11.16
77288,2026-09-21,77306001,MELUN,7.8,10.3,22.5,0,18.36
77373,2026-09-21,77468001,TORCY,8.7,9.7,22.7,0,18.36
78361,2026-09-21,78354001,MAGNANVILLE,3.8,10.3,22.8,0.2,11.88
78498,2026-09-21,78481001,LE PECQ,7.8,10.3,24.7,0.2,
78551,2026-09-21,78481001,LE PECQ,4.9,10.3,24.7,0.2,
78586,2026-09-21,78005002,ACHERES,6.2,8.1,23.2,0,12.24
78646,2026-09-21,78646002,VERSAILLES- INRAE,2.1,8.8,22.4,0,
79191,2026-09-21,79191005,NIORT,4.9,15.2,26.6,0,21.6
80021,2026-09-21,80379002,AMIENS-GLISY,7.6,7.1,22.7,0,10.8
81004,2026-09-21,81284001,ALBI,2,11,30.8,0,18.36
81065,2026-09-21,81182004,MONTREDON-LABESSONNIE,15.3,14,27.2,0,20.52
82121,2026-09-21,82121002,MONTAUBAN,1.2,11.4,30.6,0,18
83050,2026-09-21,83050007,DRAGUIGNAN_SAPC,1.3,15.7,31.4,0,
83061,2026-09-21,83061001,FREJUS,5.2,15.8,28,0,13.32
83069,2026-09-21,83069001,HYERES,7.4,14,27.6,0.2,22.32
83126,2026-09-21,83137001,TOULON,3.8,16.6,29.7,0,16.56
83137,2026-09-21,83137001,TOULON,3.7,16.6,29.7,0,16.56
84007,2026-09-21,84007005,AVIGNON,6.5,20.9,29.8,0,46.8
85191,2026-09-21,85191003,LA ROCHE SUR YON,5.1,13.9,27,0,21.6
85194,2026-09-21,85060002,CHATEAU-D'OLONNE,6.1,15.2,27.6,0,18
86194,2026-09-21,86027001,POITIERS-BIARD,4.5,13,25.7,0,23.76
87085,2026-09-21,87085006,LIMOGES-BELLEGARDE,4,15.1,24.9,0,25.92
90010,2026-09-21,90035001,DORANS,6,12.8,20.6,0,18.72
91174,2026-09-21,91103001,BRETIGNY_SAPC,10.2,12,22.5,0,
91228,2026-09-21,91103001,BRETIGNY_SAPC,8.4,12,22.5,0,
91377,2026-09-21,78640001,VILLACOUBLAY,7,10.9,21.4,0,16.56
91589,2026-09-21,91027002,ORLY,5.1,13.1,22.6,0,19.44
92002,2026-09-21,78640001,VILLACOUBLAY,7.3,10.9,21.4,0,16.56
92004,2026-09-21,75110001,LARIBOISIERE,5.8,14.5,22.1,0,
92007,2026-09-21,75114001,PARIS-MONTSOURIS,3.4,12.7,22.5,0,14.76
92012,2026-09-21,75116008,LONGCHAMP,2,8.9,23.3,0,14.4
92023,2026-09-21,78640001,VILLACOUBLAY,4.3,10.9,21.4,0,16.56
92024,2026-09-21,75110001,LARIBOISIERE,4.2,14.5,22.1,0,
92025,2026-09-21,92073001,SURESNES,5.8,12.6,23.5,0,
92026,2026-09-21,92073001,SURESNES,3.4,12.6,23.5,0,
92036,2026-09-21,75110001,LARIBOISIERE,7.2,14.5,22.1,0,
92040,2026-09-21,75116008,LONGCHAMP,4,8.9,23.3,0,14.4
92044,2026-09-21,75107005,TOUR EIFFEL,4.1,12.6,23.4,,
92048,2026-09-21,78640001,VILLACOUBLAY,3.8,10.9,21.4,0,16.56
92049,2026-09-21,75114001,PARIS-MONTSOURIS,1.7,12.7,22.5,0,14.76
92050,2026-09-21,92073001,SURESNES,3.8,12.6,23.5,0,
92051,2026-09-21,92073001,SURESNES,2.8,12.6,23.5,0,
92062,2026-09-21,92073001,SURESNES,1.3,12.6,23.5,0,
92063,2026-09-21,92073001,SURESNES,3.9,12.6,23.5,0,
92073,2026-09-21,92073001,SURESNES,1.2,12.6,23.5,0,
93001,2026-09-21,75110001,LARIBOISIERE,4.3,14.5,22.1,0,
93005,2026-09-21,95088001,LE BOURGET,5.3,10.7,22.6,0,16.2
93006,2026-09-21,75110001,LARIBOISIERE,5.6,14.5,22.1,0,
93007,2026-09-21,95088001,LE BOURGET,4,10.7,22.6,0,16.2
93008,2026-09-21,95088001,LE BOURGET,6.8,10.7,22.6,0,16.2
93010,2026-09-21,93050001,NEUILLY-SUR-M.,6.6,9.6,24.1,0,
93027,2026-09-21,95088001,LE BOURGET,4.3,10.7,22.6,0,16.2
93029,2026-09-21,95088001,LE BOURGET,4.9,10.7,22.6,0,16.2
93031,2026-09-21,95088001,LE BOURGET,8.2,10.7,22.6,0,16.2
93032,2026-09-21,93050001,NEUILLY-SUR-M.,2.5,9.6,24.1,0,
93046,2026-09-21,93050001,NEUILLY-SUR-M.,6.6,9.6,24.1,0,
93048,2026-09-21,94068001,ST-MAUR,6.9,11.6,23.9,0,
93050,2026-09-21,93050001,NEUILLY-SUR-M.,0.6,9.6,24.1,0,
93051,2026-09-21,93050001,NEUILLY-SUR-M.,3.1,9.6,24.1,0,
93053,2026-09-21,93050001,NEUILLY-SUR-M.,7.4,9.6,24.1,0,
93055,2026-09-21,75110001,LARIBOISIERE,4.6,14.5,22.1,0,
93064,2026-09-21,93050001,NEUILLY-SUR-M.,4.6,9.6,24.1,0,
93066,2026-09-21,95088001,LE BOURGET,5.6,10.7,22.6,0,16.2
93070,2026-09-21,75110001,LARIBOISIERE,3.5,14.5,22.1,0,
93071,2026-09-21,95088001,LE BOURGET,8.2,10.7,22.6,0,16.2
93072,2026-09-21,95088001,LE BOURGET,3.2,10.7,22.6,0,16.2
93073,2026-09-21,95527001,ROISSY,4.6,11.2,22.2,0,19.44
93078,2026-09-21,95527001,ROISSY,6.6,11.2,22.2,0,19.44
94002,2026-09-21,94068001,ST-MAUR,5.4,11.6,23.9,0,
94017,2026-09-21,94068001,ST-MAUR,2.3,11.6,23.9,0,
94022,2026-09-21,91027002,ORLY,5.3,13.1,22.6,0,19.44
94028,2026-09-21,94068001,ST-MAUR,4,11.6,23.9,0,
94033,2026-09-21,94068001,ST-MAUR,4.8,11.6,23.9,0,
94041,2026-09-21,75114001,PARIS-MONTSOURIS,3.8,12.7,22.5,0,14.76
94046,2026-09-21,94068001,ST-MAUR,3.9,11.6,23.9,0,
94068,2026-09-21,94068001,ST-MAUR,1,11.6,23.9,0,
94076,2026-09-21,75114001,PARIS-MONTSOURIS,3.5,12.7,22.5,0,14.76
94080,2026-09-21,94068001,ST-MAUR,5.8,11.6,23.9,0,
94081,2026-09-21,75114001,PARIS-MONTSOURIS,5.5,12.7,22.5,0,14.76
95018,2026-09-21,92073001,SURESNES,8.9,12.6,23.5,0,
95127,2026-09-21,95078001,PONTOISE - AERO,6.1,6.9,22.8,0,14.76
95252,2026-09-21,78005002,ACHERES,7.1,8.1,23.2,0,12.24
95268,2026-09-21,95088001,LE BOURGET,1.8,10.7,22.6,0,16.2
95585,2026-09-21,95088001,LE BOURGET,4.1,10.7,22.6,0,16.2
01053,2026-09-22,01072001,CEYZERIAT_SAPC,3.1,6.2,25.5,0,
02691,2026-09-22,02320001,ST QUENTIN,6.2,7.6,23.2,0,17.28
05061,2026-09-22,05061009,GAP,1.5,11.9,28.2,0,32.4
06004,2026-09-22,06004004,ANTIBES-GOLF,1.1,16.2,29.9,0,
06027,2026-09-22,06088001,NICE,5.3,21.2,28.1,0,16.92
06029,2026-09-22,06029001,CANNES,5.4,16.6,28.1,0,16.56
06030,2026-09-22,06029001,CANNES,4.5,16.6,28.1,0,16.56
06069,2026-09-22,06038001,CHATEAUNEUF GRASSE,5.4,19,27.5,0,16.92
06088,2026-09-22,06088007,NICE-RIMIEZ,4.5,18.7,27.2,0,19.44
08105,2026-09-22,08105005,CHARLEVILLE-MEZ,6.3,2.2,22.7,0,17.28
10387,2026-09-22,10030001,TROYES-BARBEREY,5.5,7.1,24.4,0,19.08
11069,2026-09-22,11069001,CARCASSONNE,4.4,17.5,31.1,0,25.2
11262,2026-09-22,11262005,NARBONNE,6.3,19.6,33.5,0,23.4
13001,2026-09-22,13001009,AIX EN PROVENCE,3,14.6,31.2,0,14.76
13004,2026-09-22,13004003,ARLES,5.1,17.8,30.1,0,27.72
13005,2026-09-22,13005003,AUBAGNE,3.5,13,31.1,0,16.56
13028,2026-09-22,13028001,BEC DE L AIGLE,3.8,20.1,28.6,0,26.64
13047,2026-09-22,13047001,ISTRES,3,18,31,0,26.64
13055,2026-09-22,13055001,MARSEILLE-OBS,3,18.7,28.3,0,
13056,2026-09-22,13054001,MARIGNANE,14.7,16.5,30.2,0,18.36
13103,2026-09-22,13103001,SALON DE PROVENCE,5.8,16.5,30.3,0,22.68
14118,2026-09-22,14137001,CAEN-CARPIQUET,6.1,9.4,24.6,0.2,18
16015,2026-09-22,16113001,LA COURONNE,4,11.6,29.5,0,19.08
17300,2026-09-22,17300009,LA ROCHELLE-ILE DE RE,2.2,13.3,28.8,0,35.28
18033,2026-09-22,18033001,BOURGES,3.6,10.6,27.2,0,22.68
19031,2026-09-22,19031008,BRIVE,3.2,9.5,32.5,0,18
21231,2026-09-22,21231001,DIJON,2,10.5,26.4,0,
22278,2026-09-22,22372001,ST BRIEUC,7,11.9,22.9,0.2,21.96
25056,2026-09-22,25056001,BESANCON,2.2,10.3,24.8,0,18.72
26198,2026-09-22,26198001,MONTELIMAR,3.1,15.5,26.2,0,33.12
26362,2026-09-22,26064001,VALENCE-CHABEUI,4.5,13.4,26.5,0,38.88
27229,2026-09-22,27306001,GUICHAINVILLE,5.5,8.3,24.6,0,
28085,2026-09-22,28070001,CHARTRES,1.4,8.3,25.1,0,15.12
29019,2026-09-22,29075001,BREST-GUIPAVAS,9.5,11.2,24.9,0.2,18.36
29232,2026-09-22,29216001,QUIMPER,5.5,12.7,26.8,0,17.64
2A004,2026-09-22,20004014,AJACCIO-MILELLI_SAPC,2.1,17.2,30.8,0,
2B033,2026-09-22,20033015,BASTIA_SAPC,2.6,20,28.6,0,
30007,2026-09-22,30243001,ST CHRISTOL-LES-ALES,3.7,12.9,32.7,0,
30189,2026-09-22,30189001,NIMES-COURBESSAC,5.8,19.5,30.5,0,32.4
31149,2026-09-22,31069001,TOULOUSE-BLAGNAC,4.5,15,29.7,0,15.12
31555,2026-09-22,31069001,TOULOUSE-BLAGNAC,4.9,15,29.7,0,15.12
33063,2026-09-22,33063001,BORDEAUX-PAULIN,1.4,14,31.6,0,
33281,2026-09-22,33281001,BORDEAUX-MERIGNAC,0.7,13.6,29.9,0,20.16
33318,2026-09-22,33281001,BORDEAUX-MERIGNAC,5,13.6,29.9,0,20.16
33522,2026-09-22,33550001,VILLENAVE D'ORNON-INRAE,2.2,15.1,30.3,0,
33550,2026-09-22,33080001,CADAUJAC-INRAE,2.4,13.8,30,0,
34032,2026-09-22,34032002,BEZIERS-COURTADE,6.6,10.2,33.4,0,
34172,2026-09-22,34337001,VILLENEUVE-LES-MAG-INRAE,8.2,15.4,31.1,0,
34301,2026-09-22,34301002,SETE,4.1,19.8,28.5,0,27
35238,2026-09-22,35238003,RENNES GALLET,3.5,11.1,27.2,0,
35288,2026-09-22,35228001,DINARD,8.6,11.8,24,0.2,21.6
36044,2026-09-22,36063001,CHATEAUROUX  DEOLS,8.4,8.9,27.7,0,29.52
37122,2026-09-22,37122001,JOUE-LES-TOURS OB,1.4,8.7,28.7,0,
37261,2026-09-22,37179001,TOURS,6.1,11.9,26.6,0,23.04
38185,2026-09-22,38185012,GRENOBLE-CEA-RADOME,4,11.4,26.4,0,10.8
38421,2026-09-22,38185012,GRENOBLE-CEA-RADOME,7.4,11.4,26.4,0,10.8
41018,2026-09-22,41018001,BLOIS - VILLE,2.7,7.3,26.8,0,
42218,2026-09-22,42218011,SAINT-ETIENNE,1.3,9.5,24.3,0,20.52
44109,2026-09-22,44109012,NANTES-VILLE,3.7,10.5,27.4,0,
44143,2026-09-22,44020001,NANTES-BOUGUENAIS,4.7,13,27.5,0,27.36
44162,2026-09-22,44020001,NANTES-BOUGUENAIS,8.5,13,27.5,0,27.36
44184,2026-09-22,44103001,ST NAZAIRE-MONTOIR,7.6,13.3,27.5,0,25.56
45169,2026-09-22,45055001,ORLEANS,8.2,7.9,25.4,0,27
45234,2026-09-22,45193001,MARCILLY-EN-V.,14.2,7.4,26.9,0,
49007,2026-09-22,49007011,ANGERS VILLE,3.2,13.2,27.7,0,
49099,2026-09-22,49099003,CHOLET,4.9,11.7,26.6,0,28.08
50129,2026-09-22,50209001,GONNEVILLE,12.7,11.5,22.4,0.2,16.92
51108,2026-09-22,51242001,FAGNIERES-INRAE,6,6,24,0,
51454,2026-09-22,51449002,REIMS-PRUNAY,8.7,3.5,23.6,0,18.72
53130,2026-09-22,53130008,LAVAL-ETRONNIER,3.5,11,26.5,0,19.8
54395,2026-09-22,54526001,NANCY-ESSEY,3.5,8,23.4,0,19.08
56121,2026-09-22,56185001,LORIENT-LANN BIHOUE,4.4,13.5,25.9,0,18
56260,2026-09-22,56243001,VANNES-SENE,6.5,13.2,27.6,0,16.2
57463,2026-09-22,57039001,METZ-FRESCATY,6.5,7,23,0,14.4
57672,2026-09-22,57689001,VALMESTROFF,8.7,6.7,22.2,0,17.28
59009,2026-09-22,59512001,ROUBAIX,8,9,22.4,0,
59178,2026-09-22,59178001,DOUAI,2.7,7.7,22.2,0,
59183,2026-09-22,59183001,DUNKERQUE,4.2,13,19.9,0,14.76
59350,2026-09-22,59343001,LILLE-LESQUIN,7.7,8.6,21.6,0,
59378,2026-09-22,59512001,ROUBAIX,6.4,9,22.4,0,
59512,2026-09-22,59512001,ROUBAIX,2.1,9,22.4,0,
59599,2026-09-22,59512001,ROUBAIX,2.2,9,22.4,0,
59606,2026-09-22,59606004,VALENCIENNES,5.3,6.3,21.8,0,18
59650,2026-09-22,59512001,ROUBAIX,2.6,9,22.4,0,
60057,2026-09-22,60639001,BEAUVAIS-TILLE,2.9,6.6,24,0,20.88
60159,2026-09-22,60382001,MARGNY-LES-COMPIEGNE,5,7.5,23.4,0,19.44
62041,2026-09-22,62873001,ARRAS,8.2,7.6,22.5,0,20.52
62160,2026-09-22,62160001,BOULOGNE-SEM,0.5,12.8,20,0,13.68
62193,2026-09-22,62548002,CALAIS-MARCK,6.2,9.7,20.7,0,11.52
63113,2026-09-22,63113001,CLERMONT-FD,2.8,6.3,24.9,0,21.24
64024,2026-09-22,64024001,BIARRITZ-PAYS-BASQUE,2.5,16,23.2,0,21.6
64102,2026-09-22,64024001,BIARRITZ-PAYS-BASQUE,6.1,16,23.2,0,21.6
64445,2026-09-22,64549001,PAU-UZEIN,9.2,13.1,29.2,0,16.56
65440,2026-09-22,65344001,TARBES-LOURDES-PYRENEES,7.7,11.5,28.3,0,15.84
66136,2026-09-22,66136001,PERPIGNAN,5,21.5,33.2,0,24.48
67482,2026-09-22,67482001,STRASBOURG - BOTANIQUE,1.5,8.7,21.4,0,
68066,2026-09-22,68066001,COLMAR-INRAE,7.1,9.8,23.4,0,
68224,2026-09-22,68224006,MULHOUSE,2.8,9.8,22.7,0,18.72
69029,2026-09-22,69029001,LYON-BRON,3.3,12.1,26,0,22.68
69034,2026-09-22,69123002,LYON TETE D'OR,2.9,13.8,26.3,0,
69123,2026-09-22,69123002,LYON TETE D'OR,2.3,13.8,26.3,0,
69149,2026-09-22,69204002,ST-GENIS-LAVAL,2.7,11.8,27,0,
69256,2026-09-22,69123002,LYON TETE D'OR,5.4,13.8,26.3,0,
69259,2026-09-22,69029001,LYON-BRON,5.8,12.1,26,0,22.68
69266,2026-09-22,69123002,LYON TETE D'OR,2.7,13.8,26.3,0,
69290,2026-09-22,69029001,LYON-BRON,2.2,12.1,26,0,22.68
71076,2026-09-22,71081001,CHALON-CHAMPFO,4.6,11.8,25.8,0,26.64
72181,2026-09-22,72181001,LE MANS,4,9.8,26.7,0,20.88
73065,2026-09-22,73064001,CHALLES LES EAUX,5.3,11.1,26.5,0.4,
74010,2026-09-22,74093001,CRAN-GEVRIER,1.7,10.2,26.4,0,
74012,2026-09-22,74133001,GAILLARD,3.2,10.6,27,0,
74281,2026-09-22,74281001,THONON-INRAE,1.9,14.5,23.3,0,
75056,2026-09-22,75106001,LUXEMBOURG,1.7,13.7,25.6,0,
76351,2026-09-22,76552001,CAP-DE-LA-HEVE,4.6,14.5,22.8,0,23.04
76540,2026-09-22,76540009,ROUEN - JARDIN,2.3,9.9,26.3,0,
77108,2026-09-22,93050001,NEUILLY-SUR-M.,4.5,7.9,26.1,0,
77284,2026-09-22,77084001,CHANGIS,8,6.4,26.1,0.2,13.68
77288,2026-09-22,77306001,MELUN,7.8,7.7,24.7,0,15.84
77373,2026-09-22,77468001,TORCY,8.7,7.7,24.5,0,15.84
78361,2026-09-22,78354001,MAGNANVILLE,3.8,9.7,24.8,0,10.8
78498,2026-09-22,78481001,LE PECQ,7.8,9.2,25.7,0,
78551,2026-09-22,78481001,LE PECQ,4.9,9.2,25.7,0,
78586,2026-09-22,78005002,ACHERES,6.2,6.6,24.8,0,15.12
78646,2026-09-22,78646002,VERSAILLES- INRAE,2.1,7.4,24.1,0,
79191,2026-09-22,79191005,NIORT,4.9,13.3,27.9,0,32.4
80021,2026-09-22,80379002,AMIENS-GLISY,7.6,8.7,22.9,0,17.28
81004,2026-09-22,81284001,ALBI,2,11.3,30.6,0,15.84
81065,2026-09-22,81182004,MONTREDON-LABESSONNIE,15.3,14.5,27,0,14.04
82121,2026-09-22,82121002,MONTAUBAN,1.2,12.1,30.7,0,9.36
83050,2026-09-22,83050007,DRAGUIGNAN_SAPC,1.3,15,30.4,0,
83061,2026-09-22,83061001,FREJUS,5.2,16.7,28.7,0,11.88
83069,2026-09-22,83069001,HYERES,7.4,15.9,28.9,0.2,19.08
83126,2026-09-22,83137001,TOULON,3.8,17.3,29.9,0,12.24
83137,2026-09-22,83137001,TOULON,3.7,17.3,29.9,0,12.24
84007,2026-09-22,84007005,AVIGNON,6.5,17.7,29.8,0,32.4
85191,2026-09-22,85191003,LA ROCHE SUR YON,5.1,11.7,27.3,0,29.88
85194,2026-09-22,85060002,CHATEAU-D'OLONNE,6.1,14,28.4,0,24.48
86194,2026-09-22,86027001,POITIERS-BIARD,4.5,9.6,27,0,27.36
87085,2026-09-22,87085006,LIMOGES-BELLEGARDE,4,13.3,26.7,0,32.04
90010,2026-09-22,90035001,DORANS,6,8.9,22.3,0,20.88
91174,2026-09-22,91103001,BRETIGNY_SAPC,10.2,11.6,24.4,0,
91228,2026-09-22,91103001,BRETIGNY_SAPC,8.4,11.6,24.4,0,
91377,2026-09-22,78640001,VILLACOUBLAY,7,11.5,23.4,0,16.92
91589,2026-09-22,91027002,ORLY,5.1,11.4,24.7,0,19.8
92002,2026-09-22,78640001,VILLACOUBLAY,7.3,11.5,23.4,0,16.92
92004,2026-09-22,75110001,LARIBOISIERE,5.8,14.1,23.9,0,
92007,2026-09-22,75114001,PARIS-MONTSOURIS,3.4,12.6,24.5,0,16.56
92012,2026-09-22,75116008,LONGCHAMP,2,7.3,24.7,0,15.84
92023,2026-09-22,78640001,VILLACOUBLAY,4.3,11.5,23.4,0,16.92
92024,2026-09-22,75110001,LARIBOISIERE,4.2,14.1,23.9,0,
92025,2026-09-22,92073001,SURESNES,5.8,10.8,24.8,0,
92026,2026-09-22,92073001,SURESNES,3.4,10.8,24.8,0,
92036,2026-09-22,75110001,LARIBOISIERE,7.2,14.1,23.9,0,
92040,2026-09-22,75116008,LONGCHAMP,4,7.3,24.7,0,15.84
92044,2026-09-22,75107005,TOUR EIFFEL,4.1,11.3,25.2,,
92048,2026-09-22,78640001,VILLACOUBLAY,3.8,11.5,23.4,0,16.92
92049,2026-09-22,75114001,PARIS-MONTSOURIS,1.7,12.6,24.5,0,16.56
92050,2026-09-22,92073001,SURESNES,3.8,10.8,24.8,0,
92051,2026-09-22,92073001,SURESNES,2.8,10.8,24.8,0,
92062,2026-09-22,92073001,SURESNES,1.3,10.8,24.8,0,
92063,2026-09-22,92073001,SURESNES,3.9,10.8,24.8,0,
92073,2026-09-22,92073001,SURESNES,1.2,10.8,24.8,0,
93001,2026-09-22,75110001,LARIBOISIERE,4.3,14.1,23.9,0,
93005,2026-09-22,95088001,LE BOURGET,5.3,9.9,24.4,0,17.28
93006,2026-09-22,75110001,LARIBOISIERE,5.6,14.1,23.9,0,
93007,2026-09-22,95088001,LE BOURGET,4,9.9,24.4,0,17.28
93008,2026-09-22,95088001,LE BOURGET,6.8,9.9,24.4,0,17.28
93010,2026-09-22,93050001,NEUILLY-SUR-M.,6.6,7.9,26.1,0,
93027,2026-09-22,95088001,LE BOURGET,4.3,9.9,24.4,0,17.28
93029,2026-09-22,95088001,LE BOURGET,4.9,9.9,24.4,0,17.28
93031,2026-09-22,95088001,LE BOURGET,8.2,9.9,24.4,0,17.28
93032,2026-09-22,93050001,NEUILLY-SUR-M.,2.5,7.9,26.1,0,
93046,2026-09-22,93050001,NEUILLY-SUR-M.,6.6,7.9,26.1,0,
93048,2026-09-22,94068001,ST-MAUR,6.9,10.6,26.2,0,
93050,2026-09-22,93050001,NEUILLY-SUR-M.,0.6,7.9,26.1,0,
93051,2026-09-22,93050001,NEUILLY-SUR-M.,3.1,7.9,26.1,0,
93053,2026-09-22,93050001,NEUILLY-SUR-M.,7.4,7.9,26.1,0,
93055,2026-09-22,75110001,LARIBOISIERE,4.6,14.1,23.9,0,
93064,2026-09-22,93050001,NEUILLY-SUR-M.,4.6,7.9,26.1,0,
93066,2026-09-22,95088001,LE BOURGET,5.6,9.9,24.4,0,17.28
93070,2026-09-22,75110001,LARIBOISIERE,3.5,14.1,23.9,0,
93071,2026-09-22,95088001,LE BOURGET,8.2,9.9,24.4,0,17.28
93072,2026-09-22,95088001,LE BOURGET,3.2,9.9,24.4,0,17.28
93073,2026-09-22,95527001,ROISSY,4.6,10.6,23.9,0,20.16
93078,2026-09-22,95527001,ROISSY,6.6,10.6,23.9,0,20.16
94002,2026-09-22,94068001,ST-MAUR,5.4,10.6,26.2,0,
94017,2026-09-22,94068001,ST-MAUR,2.3,10.6,26.2,0,
94022,2026-09-22,91027002,ORLY,5.3,11.4,24.7,0,19.8
94028,2026-09-22,94068001,ST-MAUR,4,10.6,26.2,0,
94033,2026-09-22,94068001,ST-MAUR,4.8,10.6,26.2,0,
94041,2026-09-22,75114001,PARIS-MONTSOURIS,3.8,12.6,24.5,0,16.56
94046,2026-09-22,94068001,ST-MAUR,3.9,10.6,26.2,0,
94068,2026-09-22,94068001,ST-MAUR,1,10.6,26.2,0,
94076,2026-09-22,75114001,PARIS-MONTSOURIS,3.5,12.6,24.5,0,16.56
94080,2026-09-22,94068001,ST-MAUR,5.8,10.6,26.2,0,
94081,2026-09-22,75114001,PARIS-MONTSOURIS,5.5,12.6,24.5,0,16.56
95018,2026-09-22,92073001,SURESNES,8.9,10.8,24.8,0,
95127,2026-09-22,95078001,PONTOISE - AERO,6.1,6.6,24.3,0,19.8
95252,2026-09-22,78005002,ACHERES,7.1,6.6,24.8,0,15.12
95268,2026-09-22,95088001,LE BOURGET,1.8,9.9,24.4,0,17.28
95585,2026-09-22,95088001,LE BOURGET,4.1,9.9,24.4,0,17.28
01053,2026-09-23,01072001,CEYZERIAT_SAPC,3.1,5.6,27.2,0,
02691,2026-09-23,02320001,ST QUENTIN,6.2,8.7,25.5,0.2,18.36
05061,2026-09-23,05061009,GAP,1.5,11.6,27.2,0,19.08
06004,2026-09-23,06004004,ANTIBES-GOLF,1.1,19.2,27.8,0,
06027,2026-09-23,06088001,NICE,5.3,21.3,26.2,0,33.12
06029,2026-09-23,06029001,CANNES,5.4,17.7,26.8,0,16.92
06030,2026-09-23,06029001,CANNES,4.5,17.7,26.8,0,16.92
06069,2026-09-23,06038001,CHATEAUNEUF GRASSE,5.4,18.5,23.4,0,13.32
06088,2026-09-23,06088007,NICE-RIMIEZ,4.5,18.6,25.1,0,15.48
08105,2026-09-23,08105005,CHARLEVILLE-MEZ,6.3,3.6,24.4,0,13.68
10387,2026-09-23,10030001,TROYES-BARBEREY,5.5,5.7,25.6,0,15.12
11069,2026-09-23,11069001,CARCASSONNE,4.4,9.8,31.8,0,19.44
11262,2026-09-23,11262005,NARBONNE,6.3,15.6,28.9,0,12.6
13001,2026-09-23,13001009,AIX EN PROVENCE,3,14.7,29.6,0,15.48
13004,2026-09-23,13004003,ARLES,5.1,14.5,29.3,0,21.6
13005,2026-09-23,13005003,AUBAGNE,3.5,12.8,30,0,18
13028,2026-09-23,13028001,BEC DE L AIGLE,3.8,19.6,27,0,35.64
13047,2026-09-23,13047001,ISTRES,3,16.8,29.2,0,25.2
13055,2026-09-23,13055001,MARSEILLE-OBS,3,19.1,29.9,0,
13056,2026-09-23,13054001,MARIGNANE,14.7,15.6,29.8,0,25.92
13103,2026-09-23,13103001,SALON DE PROVENCE,5.8,11.4,29.8,0,19.08
14118,2026-09-23,14137001,CAEN-CARPIQUET,6.1,9.6,25.1,0.2,21.96
16015,2026-09-23,16113001,LA COURONNE,4,8.3,32.1,0,15.84
17300,2026-09-23,17300009,LA ROCHELLE-ILE DE RE,2.2,14.3,29.6,0,25.56
18033,2026-09-23,18033001,BOURGES,3.6,10.1,29.1,0,12.6
19031,2026-09-23,19031008,BRIVE,3.2,8.4,31.6,0,9
21231,2026-09-23,21231001,DIJON,2,9.1,27.3,0,
22278,2026-09-23,22372001,ST BRIEUC,7,11.4,22.8,0.2,23.04
25056,2026-09-23,25056001,BESANCON,2.2,9.9,25.3,0,10.44
26198,2026-09-23,26198001,MONTELIMAR,3.1,12.4,30.1,0,16.2
26362,2026-09-23,26064001,VALENCE-CHABEUI,4.5,7.4,29.8,0,18
27229,2026-09-23,27306001,GUICHAINVILLE,5.5,9.5,27.6,0,
28085,2026-09-23,28070001,CHARTRES,1.4,9,28.2,0,13.32
29019,2026-09-23,29075001,BREST-GUIPAVAS,9.5,12.8,21.1,0.4,21.96
29232,2026-09-23,29216001,QUIMPER,5.5,12.9,24.8,0.2,21.24
2A004,2026-09-23,20004014,AJACCIO-MILELLI_SAPC,2.1,17.9,29.7,0,
2B033,2026-09-23,20033015,BASTIA_SAPC,2.6,19,27.9,0,
30007,2026-09-23,30243001,ST CHRISTOL-LES-ALES,3.7,10.7,30.6,0,
30189,2026-09-23,30189001,NIMES-COURBESSAC,5.8,16,29.7,0,19.08
31149,2026-09-23,31069001,TOULOUSE-BLAGNAC,4.5,11.7,31.2,0,12.24
31555,2026-09-23,31069001,TOULOUSE-BLAGNAC,4.9,11.7,31.2,0,12.24
33063,2026-09-23,33063001,BORDEAUX-PAULIN,1.4,12.2,32.3,0,
33281,2026-09-23,33281001,BORDEAUX-MERIGNAC,0.7,10.8,31.8,0,16.92
33318,2026-09-23,33281001,BORDEAUX-MERIGNAC,5,10.8,31.8,0,16.92
33522,2026-09-23,33550001,VILLENAVE D'ORNON-INRAE,2.2,10.1,31.6,0,
33550,2026-09-23,33080001,CADAUJAC-INRAE,2.4,8.3,31.7,0,
34032,2026-09-23,34032002,BEZIERS-COURTADE,6.6,8,28.8,0,
34172,2026-09-23,34337001,VILLENEUVE-LES-MAG-INRAE,8.2,14.3,27.6,0,
34301,2026-09-23,34301002,SETE,4.1,19.2,27.2,0,23.4
35238,2026-09-23,35238003,RENNES GALLET,3.5,11.6,26.7,0.2,
35288,2026-09-23,35228001,DINARD,8.6,11.4,21.7,0.2,23.4
36044,2026-09-23,36063001,CHATEAUROUX  DEOLS,8.4,7.3,28.4,0,16.92
37122,2026-09-23,37122001,JOUE-LES-TOURS OB,1.4,10.6,30.8,0,
37261,2026-09-23,37179001,TOURS,6.1,12.1,28.3,0,12.96
38185,2026-09-23,38185012,GRENOBLE-CEA-RADOME,4,12.7,29.1,0,12.6
38421,2026-09-23,38185012,GRENOBLE-CEA-RADOME,7.4,12.7,29.1,0,12.6
41018,2026-09-23,41018001,BLOIS - VILLE,2.7,7.5,28.4,0,
42218,2026-09-23,42218011,SAINT-ETIENNE,1.3,8.4,26.1,0,12.96
44109,2026-09-23,44109012,NANTES-VILLE,3.7,10.5,29.7,0,
44143,2026-09-23,44020001,NANTES-BOUGUENAIS,4.7,12.1,29.5,0,14.76
44162,2026-09-23,44020001,NANTES-BOUGUENAIS,8.5,12.1,29.5,0,14.76
44184,2026-09-23,44103001,ST NAZAIRE-MONTOIR,7.6,12.3,29.1,0,18
45169,2026-09-23,45055001,ORLEANS,8.2,8.7,27.6,0,14.76
45234,2026-09-23,45193001,MARCILLY-EN-V.,14.2,6.7,29.9,0,
49007,2026-09-23,49007011,ANGERS VILLE,3.2,13.5,29.7,0,
49099,2026-09-23,49099003,CHOLET,4.9,12.5,28.5,0,14.76
50129,2026-09-23,50209001,GONNEVILLE,12.7,12.9,20,0.2,21.96
51108,2026-09-23,51242001,FAGNIERES-INRAE,6,6.9,25.5,0,
51454,2026-09-23,51449002,REIMS-PRUNAY,8.7,3.9,26.1,0,12.6
53130,2026-09-23,53130008,LAVAL-ETRONNIER,3.5,11.4,28.1,0,19.44
54395,2026-09-23,54526001,NANCY-ESSEY,3.5,7.2,25.1,0,16.2
56121,2026-09-23,56185001,LORIENT-LANN BIHOUE,4.4,11.9,27.5,0,19.44
56260,2026-09-23,56243001,VANNES-SENE,6.5,10.6,28.4,0,17.28
57463,2026-09-23,57039001,METZ-FRESCATY,6.5,7.5,24.8,0,11.88
57672,2026-09-23,57689001,VALMESTROFF,8.7,7.3,24.3,0,13.68
59009,2026-09-23,59512001,ROUBAIX,8,10,24.8,0,
59178,2026-09-23,59178001,DOUAI,2.7,8.8,25.5,0,
59183,2026-09-23,59183001,DUNKERQUE,4.2,13.9,21.1,0,30.24
59350,2026-09-23,59343001,LILLE-LESQUIN,7.7,11,24.7,0,22.68
59378,2026-09-23,59512001,ROUBAIX,6.4,10,24.8,0,
59512,2026-09-23,59512001,ROUBAIX,2.1,10,24.8,0,
59599,2026-09-23,59512001,ROUBAIX,2.2,10,24.8,0,
59606,2026-09-23,59606004,VALENCIENNES,5.3,7.3,24.6,0,21.96
59650,2026-09-23,59512001,ROUBAIX,2.6,10,24.8,0,
60057,2026-09-23,60639001,BEAUVAIS-TILLE,2.9,7.2,26.6,0,25.56
60159,2026-09-23,60382001,MARGNY-LES-COMPIEGNE,5,9.6,26.2,0.2,17.64
62041,2026-09-23,62873001,ARRAS,8.2,8.2,24.9,0.2,22.32
62160,2026-09-23,62160001,BOULOGNE-SEM,0.5,13.3,20.3,0,23.04
62193,2026-09-23,62548002,CALAIS-MARCK,6.2,10,22.5,0.2,27.72
63113,2026-09-23,63113001,CLERMONT-FD,2.8,9.2,27.4,0,19.08
64024,2026-09-23,64024001,BIARRITZ-PAYS-BASQUE,2.5,12.9,24.3,0.2,18.72
64102,2026-09-23,64024001,BIARRITZ-PAYS-BASQUE,6.1,12.9,24.3,0.2,18.72
64445,2026-09-23,64549001,PAU-UZEIN,9.2,11.4,30.1,0.2,13.68
65440,2026-09-23,65344001,TARBES-LOURDES-PYRENEES,7.7,11.3,30,0,12.96
66136,2026-09-23,66136001,PERPIGNAN,5,14.7,27.4,0,21.6
67482,2026-09-23,67482001,STRASBOURG - BOTANIQUE,1.5,8.7,22,0,
68066,2026-09-23,68066001,COLMAR-INRAE,7.1,8.9,25.1,0,
68224,2026-09-23,68224006,MULHOUSE,2.8,6.2,25.7,0,10.08
69029,2026-09-23,69029001,LYON-BRON,3.3,9.2,27.5,0,10.8
69034,2026-09-23,69123002,LYON TETE D'OR,2.9,10.9,27.8,0,
69123,2026-09-23,69123002,LYON TETE D'OR,2.3,10.9,27.8,0,
69149,2026-09-23,69204002,ST-GENIS-LAVAL,2.7,11.3,27.9,0,
69256,2026-09-23,69123002,LYON TETE D'OR,5.4,10.9,27.8,0,
69259,2026-09-23,69029001,LYON-BRON,5.8,9.2,27.5,0,10.8
69266,2026-09-23,69123002,LYON TETE D'OR,2.7,10.9,27.8,0,
69290,2026-09-23,69029001,LYON-BRON,2.2,9.2,27.5,0,10.8
71076,2026-09-23,71081001,CHALON-CHAMPFO,4.6,8.5,25.8,0,11.88
72181,2026-09-23,72181001,LE MANS,4,11.9,28.7,0,17.28
73065,2026-09-23,73064001,CHALLES LES EAUX,5.3,6.8,28.1,0,
74010,2026-09-23,74093001,CRAN-GEVRIER,1.7,7,27.1,0,
74012,2026-09-23,74133001,GAILLARD,3.2,6.1,28.2,0,
74281,2026-09-23,74281001,THONON-INRAE,1.9,10.6,22.4,0,
75056,2026-09-23,75106001,LUXEMBOURG,1.7,13.3,27.8,0,
76351,2026-09-23,76552001,CAP-DE-LA-HEVE,4.6,15.4,21.6,0,21.24
76540,2026-09-23,76540009,ROUEN - JARDIN,2.3,11.2,27,0,
77108,2026-09-23,93050001,NEUILLY-SUR-M.,4.5,8.9,28.4,0,
77284,2026-09-23,77084001,CHANGIS,8,7.7,28.3,0,13.68
77288,2026-09-23,77306001,MELUN,7.8,7.7,27.4,0,12.6
77373,2026-09-23,77468001,TORCY,8.7,8.6,27.7,0,7.56
78361,2026-09-23,78354001,MAGNANVILLE,3.8,11.2,27.8,0,15.84
78498,2026-09-23,78481001,LE PECQ,7.8,10.6,28.2,0,
78551,2026-09-23,78481001,LE PECQ,4.9,10.6,28.2,0,
78586,2026-09-23,78005002,ACHERES,6.2,8,27.4,0,12.24
78646,2026-09-23,78646002,VERSAILLES- INRAE,2.1,9.1,27.1,0,
79191,2026-09-23,79191005,NIORT,4.9,14.6,28.9,0,21.6
80021,2026-09-23,80379002,AMIENS-GLISY,7.6,9,25.1,0,20.16
81004,2026-09-23,81284001,ALBI,2,10.1,30.7,0,12.6
81065,2026-09-23,81182004,MONTREDON-LABESSONNIE,15.3,15.5,28.5,0,15.48
82121,2026-09-23,82121002,MONTAUBAN,1.2,9.2,30.5,0,11.16
83050,2026-09-23,83050007,DRAGUIGNAN_SAPC,1.3,16.2,27.9,0,
83061,2026-09-23,83061001,FREJUS,5.2,16.9,27.2,0,15.12
83069,2026-09-23,83069001,HYERES,7.4,16.8,28.6,0,27.72
83126,2026-09-23,83137001,TOULON,3.8,18.1,28.6,0,21.96
83137,2026-09-23,83137001,TOULON,3.7,18.1,28.6,0,21.96
84007,2026-09-23,84007005,AVIGNON,6.5,11,30.3,0,21.24
85191,2026-09-23,85191003,LA ROCHE SUR YON,5.1,11.5,29.6,0,19.44
85194,2026-09-23,85060002,CHATEAU-D'OLONNE,6.1,14.9,30.8,0,14.76
86194,2026-09-23,86027001,POITIERS-BIARD,4.5,9.5,28.5,0,19.8
87085,2026-09-23,87085006,LIMOGES-BELLEGARDE,4,15.4,28.5,0,23.04
90010,2026-09-23,90035001,DORANS,6,8.2,25.2,0,15.12
91174,2026-09-23,91103001,BRETIGNY_SAPC,10.2,11,27.6,0,
91228,2026-09-23,91103001,BRETIGNY_SAPC,8.4,11,27.6,0,
91377,2026-09-23,78640001,VILLACOUBLAY,7,11.9,26.1,0,18
91589,2026-09-23,91027002,ORLY,5.1,10.7,27.7,0,15.12
92002,2026-09-23,78640001,VILLACOUBLAY,7.3,11.9,26.1,0,18
92004,2026-09-23,75110001,LARIBOISIERE,5.8,15.1,26.1,0,
92007,2026-09-23,75114001,PARIS-MONTSOURIS,3.4,12.8,26.1,0,13.68
92012,2026-09-23,75116008,LONGCHAMP,2,9.1,28.1,0,10.08
92023,2026-09-23,78640001,VILLACOUBLAY,4.3,11.9,26.1,0,18
92024,2026-09-23,75110001,LARIBOISIERE,4.2,15.1,26.1,0,
92025,2026-09-23,92073001,SURESNES,5.8,12.2,27.5,0,
92026,2026-09-23,92073001,SURESNES,3.4,12.2,27.5,0,
92036,2026-09-23,75110001,LARIBOISIERE,7.2,15.1,26.1,0,
92040,2026-09-23,75116008,LONGCHAMP,4,9.1,28.1,0,10.08
92044,2026-09-23,75107005,TOUR EIFFEL,4.1,12.2,27.2,,
92048,2026-09-23,78640001,VILLACOUBLAY,3.8,11.9,26.1,0,18
92049,2026-09-23,75114001,PARIS-MONTSOURIS,1.7,12.8,26.1,0,13.68
92050,2026-09-23,92073001,SURESNES,3.8,12.2,27.5,0,
92051,2026-09-23,92073001,SURESNES,2.8,12.2,27.5,0,
92062,2026-09-23,92073001,SURESNES,1.3,12.2,27.5,0,
92063,2026-09-23,92073001,SURESNES,3.9,12.2,27.5,0,
92073,2026-09-23,92073001,SURESNES,1.2,12.2,27.5,0,
93001,2026-09-23,75110001,LARIBOISIERE,4.3,15.1,26.1,0,
93005,2026-09-23,95088001,LE BOURGET,5.3,10.6,27.1,0,12.96
93006,2026-09-23,75110001,LARIBOISIERE,5.6,15.1,26.1,0,
93007,2026-09-23,95088001,LE BOURGET,4,10.6,27.1,0,12.96
93008,2026-09-23,95088001,LE BOURGET,6.8,10.6,27.1,0,12.96
93010,2026-09-23,93050001,NEUILLY-SUR-M.,6.6,8.9,28.4,0,
93027,2026-09-23,95088001,LE BOURGET,4.3,10.6,27.1,0,12.96
93029,2026-09-23,95088001,LE BOURGET,4.9,10.6,27.1,0,12.96
93031,2026-09-23,95088001,LE BOURGET,8.2,10.6,27.1,0,12.96
93032,2026-09-23,93050001,NEUILLY-SUR-M.,2.5,8.9,28.4,0,
93046,2026-09-23,93050001,NEUILLY-SUR-M.,6.6,8.9,28.4,0,
93048,2026-09-23,94068001,ST-MAUR,6.9,10.6,28.1,0,
93050,2026-09-23,93050001,NEUILLY-SUR-M.,0.6,8.9,28.4,0,
93051,2026-09-23,93050001,NEUILLY-SUR-M.,3.1,8.9,28.4,0,
93053,2026-09-23,93050001,NEUILLY-SUR-M.,7.4,8.9,28.4,0,
93055,2026-09-23,75110001,LARIBOISIERE,4.6,15.1,26.1,0,
93064,2026-09-23,93050001,NEUILLY-SUR-M.,4.6,8.9,28.4,0,
93066,2026-09-23,95088001,LE BOURGET,5.6,10.6,27.1,0,12.96
93070,2026-09-23,75110001,LARIBOISIERE,3.5,15.1,26.1,0,
93071,2026-09-23,95088001,LE BOURGET,8.2,10.6,27.1,0,12.96
93072,2026-09-23,95088001,LE BOURGET,3.2,10.6,27.1,0,12.96
93073,2026-09-23,95527001,ROISSY,4.6,11.4,27.1,0,17.64
93078,2026-09-23,95527001,ROISSY,6.6,11.4,27.1,0,17.64
94002,2026-09-23,94068001,ST-MAUR,5.4,10.6,28.1,0,
94017,2026-09-23,94068001,ST-MAUR,2.3,10.6,28.1,0,
94022,2026-09-23,91027002,ORLY,5.3,10.7,27.7,0,15.12
94028,2026-09-23,94068001,ST-MAUR,4,10.6,28.1,0,
94033,2026-09-23,94068001,ST-MAUR,4.8,10.6,28.1,0,
94041,2026-09-23,75114001,PARIS-MONTSOURIS,3.8,12.8,26.1,0,13.68
94046,2026-09-23,94068001,ST-MAUR,3.9,10.6,28.1,0,
94068,2026-09-23,94068001,ST-MAUR,1,10.6,28.1,0,
94076,2026-09-23,75114001,PARIS-MONTSOURIS,3.5,12.8,26.1,0,13.68
94080,2026-09-23,94068001,ST-MAUR,5.8,10.6,28.1,0,
94081,2026-09-23,75114001,PARIS-MONTSOURIS,5.5,12.8,26.1,0,13.68
95018,2026-09-23,92073001,SURESNES,8.9,12.2,27.5,0,
95127,2026-09-23,95078001,PONTOISE - AERO,6.1,9,26.8,0,19.8
95252,2026-09-23,78005002,ACHERES,7.1,8,27.4,0,12.24
95268,2026-09-23,95088001,LE BOURGET,1.8,10.6,27.1,0,12.96
95585,2026-09-23,95088001,LE BOURGET,4.1,10.6,27.1,0,12.96
01053,2026-09-24,01072001,CEYZERIAT_SAPC,3.1,6.9,25.6,0,
02691,2026-09-24,02320001,ST QUENTIN,6.2,11.2,22,0,13.68
05061,2026-09-24,05061009,GAP,1.5,12,27.9,0,22.32
06004,2026-09-24,06004004,ANTIBES-GOLF,1.1,18.1,27.5,0,
06027,2026-09-24,06088001,NICE,5.3,19.6,25.4,0,34.2
06029,2026-09-24,06029001,CANNES,5.4,17.8,26.9,0,31.68
06030,2026-09-24,06029001,CANNES,4.5,17.8,26.9,0,31.68
06069,2026-09-24,06038001,CHATEAUNEUF GRASSE,5.4,15.9,24.8,0,14.4
06088,2026-09-24,06088007,NICE-RIMIEZ,4.5,17.8,23.7,0,19.44
08105,2026-09-24,08105005,CHARLEVILLE-MEZ,6.3,6.2,21.4,0,13.68
10387,2026-09-24,10030001,TROYES-BARBEREY,5.5,7.8,23.7,0,11.52
11069,2026-09-24,11069001,CARCASSONNE,4.4,9.3,33.4,0,13.68
11262,2026-09-24,11262005,NARBONNE,6.3,14.6,29.8,0,14.04
13001,2026-09-24,13001009,AIX EN PROVENCE,3,14.2,28.9,0,14.4
13004,2026-09-24,13004003,ARLES,5.1,12.3,27.7,0,22.32
13005,2026-09-24,13005003,AUBAGNE,3.5,12.1,28.2,0,17.28
13028,2026-09-24,13028001,BEC DE L AIGLE,3.8,19.2,24.4,0,42.48
13047,2026-09-24,13047001,ISTRES,3,14.7,30,0,29.16
13055,2026-09-24,13055001,MARSEILLE-OBS,3,18.2,26.3,0,
13056,2026-09-24,13054001,MARIGNANE,14.7,14.5,28.3,0,31.32
13103,2026-09-24,13103001,SALON DE PROVENCE,5.8,10,29.4,0,25.2
14118,2026-09-24,14137001,CAEN-CARPIQUET,6.1,10.9,24.9,0.2,18.36
16015,2026-09-24,16113001,LA COURONNE,4,9.7,31.9,0,8.64
17300,2026-09-24,17300009,LA ROCHELLE-ILE DE RE,2.2,15.1,30.8,0,19.8
18033,2026-09-24,18033001,BOURGES,3.6,11,28,0,13.32
19031,2026-09-24,19031008,BRIVE,3.2,9,32,0,7.92
21231,2026-09-24,21231001,DIJON,2,9.8,26.1,0,
22278,2026-09-24,22372001,ST BRIEUC,7,11.9,27.9,0,21.96
25056,2026-09-24,25056001,BESANCON,2.2,9,23.7,0,6.84
26198,2026-09-24,26198001,MONTELIMAR,3.1,12.3,28.4,0,27.72
26362,2026-09-24,26064001,VALENCE-CHABEUI,4.5,9.9,29,0,30.6
27229,2026-09-24,27306001,GUICHAINVILLE,5.5,11.6,24.3,0.2,
28085,2026-09-24,28070001,CHARTRES,1.4,11.1,25.9,0,7.92
29019,2026-09-24,29075001,BREST-GUIPAVAS,9.5,10.6,28.9,0.4,15.84
29232,2026-09-24,29216001,QUIMPER,5.5,11.6,28,0.2,19.44
2A004,2026-09-24,20004014,AJACCIO-MILELLI_SAPC,2.1,17.3,30.1,0,
2B033,2026-09-24,20033015,BASTIA_SAPC,2.6,19.2,29.3,0,
30007,2026-09-24,30243001,ST CHRISTOL-LES-ALES,3.7,12,33,0,
30189,2026-09-24,30189001,NIMES-COURBESSAC,5.8,14.6,32.1,0,16.92
31149,2026-09-24,31069001,TOULOUSE-BLAGNAC,4.5,11.5,32.4,0,11.52
31555,2026-09-24,31069001,TOULOUSE-BLAGNAC,4.9,11.5,32.4,0,11.52
33063,2026-09-24,33063001,BORDEAUX-PAULIN,1.4,14,35.9,0,
33281,2026-09-24,33281001,BORDEAUX-MERIGNAC,0.7,13,34.4,0,16.56
33318,2026-09-24,33281001,BORDEAUX-MERIGNAC,5,13,34.4,0,16.56
33522,2026-09-24,33550001,VILLENAVE D'ORNON-INRAE,2.2,11.8,34.9,0,
33550,2026-09-24,33080001,CADAUJAC-INRAE,2.4,10,34.2,0,
34032,2026-09-24,34032002,BEZIERS-COURTADE,6.6,10,29.7,0,
34172,2026-09-24,34337001,VILLENEUVE-LES-MAG-INRAE,8.2,15.6,28.6,0,
34301,2026-09-24,34301002,SETE,4.1,19.2,26.9,0,20.88
35238,2026-09-24,35238003,RENNES GALLET,3.5,11.4,30.1,0,
35288,2026-09-24,35228001,DINARD,8.6,11.7,28.4,0.2,18
36044,2026-09-24,36063001,CHATEAUROUX  DEOLS,8.4,10,28.2,0,13.32
37122,2026-09-24,37122001,JOUE-LES-TOURS OB,1.4,11.2,31,0,
37261,2026-09-24,37179001,TOURS,6.1,13.6,28.9,0,18.36
38185,2026-09-24,38185012,GRENOBLE-CEA-RADOME,4,13.4,28.3,0,12.24
38421,2026-09-24,38185012,GRENOBLE-CEA-RADOME,7.4,13.4,28.3,0,12.24
41018,2026-09-24,41018001,BLOIS - VILLE,2.7,9.1,29.4,0,
42218,2026-09-24,42218011,SAINT-ETIENNE,1.3,10.1,25.2,0,15.12
44109,2026-09-24,44109012,NANTES-VILLE,3.7,12,31.1,0,
44143,2026-09-24,44020001,NANTES-BOUGUENAIS,4.7,13.8,31.6,0,15.84
44162,2026-09-24,44020001,NANTES-BOUGUENAIS,8.5,13.8,31.6,0,15.84
44184,2026-09-24,44103001,ST NAZAIRE-MONTOIR,7.6,12.4,30.5,0,18
45169,2026-09-24,45055001,ORLEANS,8.2,9.2,27.4,0,15.12
45234,2026-09-24,45193001,MARCILLY-EN-V.,14.2,8.9,29.2,0,
49007,2026-09-24,49007011,ANGERS VILLE,3.2,13.7,29.4,0,
49099,2026-09-24,49099003,CHOLET,4.9,13.2,29.1,0,14.76
50129,2026-09-24,50209001,GONNEVILLE,12.7,13.2,22.3,0.4,15.84
51108,2026-09-24,51242001,FAGNIERES-INRAE,6,8.7,22.7,0,
51454,2026-09-24,51449002,REIMS-PRUNAY,8.7,8.2,22.4,0,15.84
53130,2026-09-24,53130008,LAVAL-ETRONNIER,3.5,10.9,28.9,0,13.68
54395,2026-09-24,54526001,NANCY-ESSEY,3.5,8.6,21.3,0,14.4
56121,2026-09-24,56185001,LORIENT-LANN BIHOUE,4.4,13.9,28.4,0,20.88
56260,2026-09-24,56243001,VANNES-SENE,6.5,14.4,30.5,0,12.96
57463,2026-09-24,57039001,METZ-FRESCATY,6.5,9.3,21.7,0,15.12
57672,2026-09-24,57689001,VALMESTROFF,8.7,11.9,21.7,0,17.28
59009,2026-09-24,59512001,ROUBAIX,8,11.5,22,0,
59178,2026-09-24,59178001,DOUAI,2.7,11.8,21,0.2,
59183,2026-09-24,59183001,DUNKERQUE,4.2,15.7,19.2,0,25.2
59350,2026-09-24,59343001,LILLE-LESQUIN,7.7,12.8,21.5,0,19.44
59378,2026-09-24,59512001,ROUBAIX,6.4,11.5,22,0,
59512,2026-09-24,59512001,ROUBAIX,2.1,11.5,22,0,
59599,2026-09-24,59512001,ROUBAIX,2.2,11.5,22,0,
59606,2026-09-24,59606004,VALENCIENNES,5.3,12.6,20.7,0,12.6
59650,2026-09-24,59512001,ROUBAIX,2.6,11.5,22,0,
60057,2026-09-24,60639001,BEAUVAIS-TILLE,2.9,9.7,23.6,0,16.2
60159,2026-09-24,60382001,MARGNY-LES-COMPIEGNE,5,12.2,22.2,0,14.4
62041,2026-09-24,62873001,ARRAS,8.2,12.2,21.6,0,16.92
62160,2026-09-24,62160001,BOULOGNE-SEM,0.5,13.3,18.4,0,17.64
62193,2026-09-24,62548002,CALAIS-MARCK,6.2,12.4,20.4,0,21.24
63113,2026-09-24,63113001,CLERMONT-FD,2.8,11.9,26.5,0,14.04
64024,2026-09-24,64024001,BIARRITZ-PAYS-BASQUE,2.5,13.2,33.9,0.4,17.28
64102,2026-09-24,64024001,BIARRITZ-PAYS-BASQUE,6.1,13.2,33.9,0.4,17.28
64445,2026-09-24,64549001,PAU-UZEIN,9.2,11.3,34.4,0.2,13.32
65440,2026-09-24,65344001,TARBES-LOURDES-PYRENEES,7.7,10.7,32.8,0,12.6
66136,2026-09-24,66136001,PERPIGNAN,5,13.5,28.9,0,17.28
67482,2026-09-24,67482001,STRASBOURG - BOTANIQUE,1.5,11.6,21.8,0,
68066,2026-09-24,68066001,COLMAR-INRAE,7.1,5.3,24.5,0,
68224,2026-09-24,68224006,MULHOUSE,2.8,8.6,24.1,0,25.2
69029,2026-09-24,69029001,LYON-BRON,3.3,8.8,27.2,0,16.2
69034,2026-09-24,69123002,LYON TETE D'OR,2.9,10.4,27.7,0,
69123,2026-09-24,69123002,LYON TETE D'OR,2.3,10.4,27.7,0,
69149,2026-09-24,69204002,ST-GENIS-LAVAL,2.7,12.7,27.6,0,
69256,2026-09-24,69123002,LYON TETE D'OR,5.4,10.4,27.7,0,
69259,2026-09-24,69029001,LYON-BRON,5.8,8.8,27.2,0,16.2
69266,2026-09-24,69123002,LYON TETE D'OR,2.7,10.4,27.7,0,
69290,2026-09-24,69029001,LYON-BRON,2.2,8.8,27.2,0,16.2
71076,2026-09-24,71081001,CHALON-CHAMPFO,4.6,7,27.1,0,11.16
72181,2026-09-24,72181001,LE MANS,4,11.2,29.6,0,11.52
73065,2026-09-24,73064001,CHALLES LES EAUX,5.3,8.9,27.5,0,
74010,2026-09-24,74093001,CRAN-GEVRIER,1.7,8.5,27.9,0,
74012,2026-09-24,74133001,GAILLARD,3.2,8,27.3,0.2,
74281,2026-09-24,74281001,THONON-INRAE,1.9,12.2,21.2,0,
75056,2026-09-24,75106001,LUXEMBOURG,1.7,15.7,24.5,0,
76351,2026-09-24,76552001,CAP-DE-LA-HEVE,4.6,13.7,22.2,0,19.08
76540,2026-09-24,76540009,ROUEN - JARDIN,2.3,13,24.5,0,
77108,2026-09-24,93050001,NEUILLY-SUR-M.,4.5,11,24.8,0,
77284,2026-09-24,77084001,CHANGIS,8,10.5,25.2,0.2,7.56
77288,2026-09-24,77306001,MELUN,7.8,10.7,24.5,0,12.24
77373,2026-09-24,77468001,TORCY,8.7,10.6,24.2,0.2,10.8
78361,2026-09-24,78354001,MAGNANVILLE,3.8,10.8,23.8,0,12.96
78498,2026-09-24,78481001,LE PECQ,7.8,12.1,24.6,0.2,
78551,2026-09-24,78481001,LE PECQ,4.9,12.1,24.6,0.2,
78586,2026-09-24,78005002,ACHERES,6.2,9,24,0,7.2
78646,2026-09-24,78646002,VERSAILLES- INRAE,2.1,9.6,23.9,0,
79191,2026-09-24,79191005,NIORT,4.9,14.1,30.3,0,15.12
80021,2026-09-24,80379002,AMIENS-GLISY,7.6,12.5,21.8,0,10.08
81004,2026-09-24,81284001,ALBI,2,11.2,33.1,0,12.6
81065,2026-09-24,81182004,MONTREDON-LABESSONNIE,15.3,15.4,30,0,11.52
82121,2026-09-24,82121002,MONTAUBAN,1.2,9.8,33,0,8.64
83050,2026-09-24,83050007,DRAGUIGNAN_SAPC,1.3,14.8,30.2,0,
83061,2026-09-24,83061001,FREJUS,5.2,16.4,28,0,18.36
83069,2026-09-24,83069001,HYERES,7.4,16.2,26.6,0,26.64
83126,2026-09-24,83137001,TOULON,3.8,17,27.1,0,27.36
83137,2026-09-24,83137001,TOULON,3.7,17,27.1,0,27.36
84007,2026-09-24,84007005,AVIGNON,6.5,10.5,31.2,0,24.48
85191,2026-09-24,85191003,LA ROCHE SUR YON,5.1,12.4,31.5,0,15.12
85194,2026-09-24,85060002,CHATEAU-D'OLONNE,6.1,16.6,29.6,0,15.84
86194,2026-09-24,86027001,POITIERS-BIARD,4.5,11.8,29.2,0,12.24
87085,2026-09-24,87085006,LIMOGES-BELLEGARDE,4,15,28.5,0,12.96
90010,2026-09-24,90035001,DORANS,6,9,21.1,0,14.04
91174,2026-09-24,91103001,BRETIGNY_SAPC,10.2,11.7,24.2,0,
91228,2026-09-24,91103001,BRETIGNY_SAPC,8.4,11.7,24.2,0,
91377,2026-09-24,78640001,VILLACOUBLAY,7,12.3,22.7,0,13.32
91589,2026-09-24,91027002,ORLY,5.1,12.6,24.1,0,13.32
92002,2026-09-24,78640001,VILLACOUBLAY,7.3,12.3,22.7,0,13.32
92004,2026-09-24,75110001,LARIBOISIERE,5.8,15.4,23.2,0,
92007,2026-09-24,75114001,PARIS-MONTSOURIS,3.4,14.9,23.7,0.2,14.04
92012,2026-09-24,75116008,LONGCHAMP,2,10.7,24.4,0.2,8.64
92023,2026-09-24,78640001,VILLACOUBLAY,4.3,12.3,22.7,0,13.32
92024,2026-09-24,75110001,LARIBOISIERE,4.2,15.4,23.2,0,
92025,2026-09-24,92073001,SURESNES,5.8,14.6,24,0,
92026,2026-09-24,92073001,SURESNES,3.4,14.6,24,0,
92036,2026-09-24,75110001,LARIBOISIERE,7.2,15.4,23.2,0,
92040,2026-09-24,75116008,LONGCHAMP,4,10.7,24.4,0.2,8.64
92044,2026-09-24,92073001,SURESNES,4.7,14.6,24,0,
92048,2026-09-24,78640001,VILLACOUBLAY,3.8,12.3,22.7,0,13.32
92049,2026-09-24,75114001,PARIS-MONTSOURIS,1.7,14.9,23.7,0.2,14.04
92050,2026-09-24,92073001,SURESNES,3.8,14.6,24,0,
92051,2026-09-24,92073001,SURESNES,2.8,14.6,24,0,
92062,2026-09-24,92073001,SURESNES,1.3,14.6,24,0,
92063,2026-09-24,92073001,SURESNES,3.9,14.6,24,0,
92073,2026-09-24,92073001,SURESNES,1.2,14.6,24,0,
93001,2026-09-24,75110001,LARIBOISIERE,4.3,15.4,23.2,0,
93005,2026-09-24,95088001,LE BOURGET,5.3,12.2,23.9,0,11.52
93006,2026-09-24,75110001,LARIBOISIERE,5.6,15.4,23.2,0,
93007,2026-09-24,95088001,LE BOURGET,4,12.2,23.9,0,11.52
93008,2026-09-24,95088001,LE BOURGET,6.8,12.2,23.9,0,11.52
93010,2026-09-24,93050001,NEUILLY-SUR-M.,6.6,11,24.8,0,
93027,2026-09-24,95088001,LE BOURGET,4.3,12.2,23.9,0,11.52
93029,2026-09-24,95088001,LE BOURGET,4.9,12.2,23.9,0,11.52
93031,2026-09-24,95088001,LE BOURGET,8.2,12.2,23.9,0,11.52
93032,2026-09-24,93050001,NEUILLY-SUR-M.,2.5,11,24.8,0,
93046,2026-09-24,93050001,NEUILLY-SUR-M.,6.6,11,24.8,0,
93048,2026-09-24,94068001,ST-MAUR,6.9,12.8,24.8,0,
93050,2026-09-24,93050001,NEUILLY-SUR-M.,0.6,11,24.8,0,
93051,2026-09-24,93050001,NEUILLY-SUR-M.,3.1,11,24.8,0,
93053,2026-09-24,93050001,NEUILLY-SUR-M.,7.4,11,24.8,0,
93055,2026-09-24,75110001,LARIBOISIERE,4.6,15.4,23.2,0,
93064,2026-09-24,93050001,NEUILLY-SUR-M.,4.6,11,24.8,0,
93066,2026-09-24,95088001,LE BOURGET,5.6,12.2,23.9,0,11.52
93070,2026-09-24,75110001,LARIBOISIERE,3.5,15.4,23.2,0,
93071,2026-09-24,95088001,LE BOURGET,8.2,12.2,23.9,0,11.52
93072,2026-09-24,95088001,LE BOURGET,3.2,12.2,23.9,0,11.52
93073,2026-09-24,95527001,ROISSY,4.6,13.4,23.2,0,16.2
93078,2026-09-24,95527001,ROISSY,6.6,13.4,23.2,0,16.2
94002,2026-09-24,94068001,ST-MAUR,5.4,12.8,24.8,0,
94017,2026-09-24,94068001,ST-MAUR,2.3,12.8,24.8,0,
94022,2026-09-24,91027002,ORLY,5.3,12.6,24.1,0,13.32
94028,2026-09-24,94068001,ST-MAUR,4,12.8,24.8,0,
94033,2026-09-24,94068001,ST-MAUR,4.8,12.8,24.8,0,
94041,2026-09-24,75114001,PARIS-MONTSOURIS,3.8,14.9,23.7,0.2,14.04
94046,2026-09-24,94068001,ST-MAUR,3.9,12.8,24.8,0,
94068,2026-09-24,94068001,ST-MAUR,1,12.8,24.8,0,
94076,2026-09-24,75114001,PARIS-MONTSOURIS,3.5,14.9,23.7,0.2,14.04
94080,2026-09-24,94068001,ST-MAUR,5.8,12.8,24.8,0,
94081,2026-09-24,75114001,PARIS-MONTSOURIS,5.5,14.9,23.7,0.2,14.04
95018,2026-09-24,92073001,SURESNES,8.9,14.6,24,0,
95127,2026-09-24,95078001,PONTOISE - AERO,6.1,9.8,22.7,0,13.32
95252,2026-09-24,78005002,ACHERES,7.1,9,24,0,7.2
95268,2026-09-24,95088001,LE BOURGET,1.8,12.2,23.9,0,11.52
95585,2026-09-24,95088001,LE BOURGET,4.1,12.2,23.9,0,11.52
01053,2026-09-25,01072001,CEYZERIAT_SAPC,3.1,6.1,27,0,
02691,2026-09-25,02320001,ST QUENTIN,6.2,8.6,26.5,0,
05061,2026-09-25,05061009,GAP,1.5,13,27.7,0,26.64
06004,2026-09-25,06004004,ANTIBES-GOLF,1.1,20.3,28.6,0,
06027,2026-09-25,06088001,NICE,5.3,20.5,26.5,0,37.8
06029,2026-09-25,06029001,CANNES,5.4,17.5,28,0,20.16
06030,2026-09-25,06029001,CANNES,4.5,17.5,28,0,20.16
06069,2026-09-25,06038001,CHATEAUNEUF GRASSE,5.4,17.7,25.4,0,14.4
06088,2026-09-25,06088007,NICE-RIMIEZ,4.5,17.9,25.8,0,18.36
08105,2026-09-25,08105005,CHARLEVILLE-MEZ,6.3,2.2,25.4,0,11.88
10387,2026-09-25,10030001,TROYES-BARBEREY,5.5,6.1,28,0,12.24
11069,2026-09-25,11069001,CARCASSONNE,4.4,12.5,33.4,0,27.72
11262,2026-09-25,11262005,NARBONNE,6.3,19,34.6,0,24.12
13001,2026-09-25,13001009,AIX EN PROVENCE,3,12.7,29.9,0.2,17.64
13004,2026-09-25,13004003,ARLES,5.1,18.4,29.4,0,28.44
13005,2026-09-25,13005003,AUBAGNE,3.5,12.4,28.4,0.2,15.12
13028,2026-09-25,13028001,BEC DE L AIGLE,3.8,20,26.6,0,37.44
13047,2026-09-25,13047001,ISTRES,3,18.7,30,0,35.28
13055,2026-09-25,13055001,MARSEILLE-OBS,3,17.7,28.3,0,
13056,2026-09-25,13054001,MARIGNANE,14.7,14.2,29,0.2,25.56
13103,2026-09-25,13103001,SALON DE PROVENCE,5.8,13.9,29.4,0,27
14118,2026-09-25,14137001,CAEN-CARPIQUET,6.1,12.4,30,0.2,24.48
16015,2026-09-25,16113001,LA COURONNE,4,10,31.8,0,19.08
17300,2026-09-25,17300009,LA ROCHELLE-ILE DE RE,2.2,16.2,25.5,0,27.72
18033,2026-09-25,18033001,BOURGES,3.6,11,30.9,0,14.76
19031,2026-09-25,19031008,BRIVE,3.2,9.3,33.3,0,12.96
21231,2026-09-25,21231001,DIJON,2,8.6,27.7,0,
22278,2026-09-25,22372001,ST BRIEUC,7,12.6,21.1,0.2,21.24
25056,2026-09-25,25056001,BESANCON,2.2,9.5,25.8,0,9.72
26198,2026-09-25,26198001,MONTELIMAR,3.1,16.7,29.3,0,28.44
26362,2026-09-25,26064001,VALENCE-CHABEUI,4.5,11.4,29.5,0,34.2
27229,2026-09-25,27306001,GUICHAINVILLE,5.5,11,30,0,
28085,2026-09-25,28070001,CHARTRES,1.4,8.8,30.3,0,17.28
29019,2026-09-25,29075001,BREST-GUIPAVAS,9.5,9.5,21.3,0.2,19.08
29232,2026-09-25,29216001,QUIMPER,5.5,10.7,22.8,0.2,25.56
2A004,2026-09-25,20004014,AJACCIO-MILELLI_SAPC,2.1,16.8,30.1,0,
2B033,2026-09-25,20033015,BASTIA_SAPC,2.6,20.4,27.9,0,
30007,2026-09-25,30243001,ST CHRISTOL-LES-ALES,3.7,11.5,34.2,0,
30189,2026-09-25,30189001,NIMES-COURBESSAC,5.8,20.2,33.2,0,25.92
31149,2026-09-25,31069001,TOULOUSE-BLAGNAC,4.5,12.2,31.7,0,29.52
31555,2026-09-25,31069001,TOULOUSE-BLAGNAC,4.9,12.2,31.7,0,29.52
33063,2026-09-25,33063001,BORDEAUX-PAULIN,1.4,15.1,29,0,
33281,2026-09-25,33281001,BORDEAUX-MERIGNAC,0.7,14.5,28,0,25.92
33318,2026-09-25,33281001,BORDEAUX-MERIGNAC,5,14.5,28,0,25.92
33522,2026-09-25,33550001,VILLENAVE D'ORNON-INRAE,2.2,14.1,29.1,0,
33550,2026-09-25,33080001,CADAUJAC-INRAE,2.4,12.8,28.4,0,
34032,2026-09-25,34032002,BEZIERS-COURTADE,6.6,8.9,33.6,0,
34172,2026-09-25,34337001,VILLENEUVE-LES-MAG-INRAE,8.2,13.9,29.1,0,
34301,2026-09-25,34301002,SETE,4.1,19.7,27.7,0,20.88
35238,2026-09-25,35238003,RENNES GALLET,3.5,13.6,29.5,0.2,
35288,2026-09-25,35228001,DINARD,8.6,13.7,21.6,0,25.92
36044,2026-09-25,36063001,CHATEAUROUX  DEOLS,8.4,9.7,31.9,0,25.92
37122,2026-09-25,37122001,JOUE-LES-TOURS OB,1.4,10.2,32.1,0,
37261,2026-09-25,37179001,TOURS,6.1,12.2,31.9,0,20.16
38185,2026-09-25,38185012,GRENOBLE-CEA-RADOME,4,11.7,28.6,0,11.16
38421,2026-09-25,38185012,GRENOBLE-CEA-RADOME,7.4,11.7,28.6,0,11.16
41018,2026-09-25,41018001,BLOIS - VILLE,2.7,8.4,32,0,
42218,2026-09-25,42218011,SAINT-ETIENNE,1.3,9.5,27.7,0,13.32
44109,2026-09-25,44109012,NANTES-VILLE,3.7,11.4,30.7,0,
44143,2026-09-25,44020001,NANTES-BOUGUENAIS,4.7,13.5,30.2,0.2,24.48
44162,2026-09-25,44020001,NANTES-BOUGUENAIS,8.5,13.5,30.2,0.2,24.48
44184,2026-09-25,44103001,ST NAZAIRE-MONTOIR,7.6,10.3,25.1,0.2,22.32
45169,2026-09-25,45055001,ORLEANS,8.2,9.2,30.6,0,15.48
45234,2026-09-25,45193001,MARCILLY-EN-V.,14.2,8.4,33.2,0,
49007,2026-09-25,49007011,ANGERS VILLE,3.2,14,33.5,0,
49099,2026-09-25,49099003,CHOLET,4.9,15.5,31.1,0,18.72
50129,2026-09-25,50209001,GONNEVILLE,12.7,14.6,23.3,0,22.68
51108,2026-09-25,51242001,FAGNIERES-INRAE,6,4.8,26.2,0,
51454,2026-09-25,51449002,REIMS-PRUNAY,8.7,4.4,26.1,0,15.84
53130,2026-09-25,53130008,LAVAL-ETRONNIER,3.5,12.7,31.2,0,23.04
54395,2026-09-25,54526001,NANCY-ESSEY,3.5,5.4,25.4,0,10.08
56121,2026-09-25,56185001,LORIENT-LANN BIHOUE,4.4,9.1,24.4,0,25.92
56260,2026-09-25,56243001,VANNES-SENE,6.5,9.1,27.2,0,15.84
57463,2026-09-25,57039001,METZ-FRESCATY,6.5,5.7,25.1,0,9.36
57672,2026-09-25,57689001,VALMESTROFF,8.7,6.2,24.7,0,12.24
59009,2026-09-25,59512001,ROUBAIX,8,9.1,26.4,0,
59178,2026-09-25,59178001,DOUAI,2.7,7.3,26.8,0,
59183,2026-09-25,59183001,DUNKERQUE,4.2,12.1,26.8,0,19.08
59350,2026-09-25,59343001,LILLE-LESQUIN,7.7,9.3,26,0,18.72
59378,2026-09-25,59512001,ROUBAIX,6.4,9.1,26.4,0,
59512,2026-09-25,59512001,ROUBAIX,2.1,9.1,26.4,0,
59599,2026-09-25,59512001,ROUBAIX,2.2,9.1,26.4,0,
59606,2026-09-25,59606004,VALENCIENNES,5.3,8.5,25.4,0,16.56
59650,2026-09-25,59512001,ROUBAIX,2.6,9.1,26.4,0,
60057,2026-09-25,60639001,BEAUVAIS-TILLE,2.9,7.2,28.1,0,18.36
60159,2026-09-25,60382001,MARGNY-LES-COMPIEGNE,5,10,27.3,0,15.84
62041,2026-09-25,62873001,ARRAS,8.2,8.6,26.4,0,16.2
62160,2026-09-25,62160001,BOULOGNE-SEM,0.5,14.5,24.7,0,22.68
62193,2026-09-25,62548002,CALAIS-MARCK,6.2,9.5,25.9,0,15.84
63113,2026-09-25,63113001,CLERMONT-FD,2.8,8.2,29.6,0,11.52
64024,2026-09-25,64024001,BIARRITZ-PAYS-BASQUE,2.5,19,23.2,0,25.92
64102,2026-09-25,64024001,BIARRITZ-PAYS-BASQUE,6.1,19,23.2,0,25.92
64445,2026-09-25,64549001,PAU-UZEIN,9.2,13.3,26.8,0,23.76
65440,2026-09-25,65344001,TARBES-LOURDES-PYRENEES,7.7,12.8,26.6,0,16.56
66136,2026-09-25,66136001,PERPIGNAN,5,15.7,32.4,0,23.4
67482,2026-09-25,67482001,STRASBOURG - BOTANIQUE,1.5,7.4,22,0,
68066,2026-09-25,68066001,COLMAR-INRAE,7.1,8.9,24.6,0,
68224,2026-09-25,68224006,MULHOUSE,2.8,5.7,25.5,0,9.72
69029,2026-09-25,69029001,LYON-BRON,3.3,9.9,28.4,0,12.96
69034,2026-09-25,69123002,LYON TETE D'OR,2.9,11.8,28.7,0,
69123,2026-09-25,69123002,LYON TETE D'OR,2.3,11.8,28.7,0,
69149,2026-09-25,69204002,ST-GENIS-LAVAL,2.7,13.1,29,0,
69256,2026-09-25,69123002,LYON TETE D'OR,5.4,11.8,28.7,0,
69259,2026-09-25,69029001,LYON-BRON,5.8,9.9,28.4,0,12.96
69266,2026-09-25,69123002,LYON TETE D'OR,2.7,11.8,28.7,0,
69290,2026-09-25,69029001,LYON-BRON,2.2,9.9,28.4,0,12.96
71076,2026-09-25,71081001,CHALON-CHAMPFO,4.6,8.1,28.3,0,10.44
72181,2026-09-25,72181001,LE MANS,4,12,32.1,0,15.84
73065,2026-09-25,73064001,CHALLES LES EAUX,5.3,8.5,28,0,
74010,2026-09-25,74093001,CRAN-GEVRIER,1.7,7.5,28,0,
74012,2026-09-25,74133001,GAILLARD,3.2,7.2,27,0,
74281,2026-09-25,74281001,THONON-INRAE,1.9,10.1,22,0,
75056,2026-09-25,75106001,LUXEMBOURG,1.7,14,29.8,0,
76351,2026-09-25,76552001,CAP-DE-LA-HEVE,4.6,15.9,27.4,0,21.24
76540,2026-09-25,76540009,ROUEN - JARDIN,2.3,10.5,31.4,0.2,
77108,2026-09-25,93050001,NEUILLY-SUR-M.,4.5,9.4,30,0.2,
77284,2026-09-25,77084001,CHANGIS,8,8.6,28.7,0,9.36
77288,2026-09-25,77306001,MELUN,7.8,9,27.6,0,13.32
77373,2026-09-25,77468001,TORCY,8.7,9.4,29.3,0,8.64
78361,2026-09-25,78354001,MAGNANVILLE,3.8,12.1,30.1,0.2,14.76
78498,2026-09-25,78481001,LE PECQ,7.8,10.5,30.6,0,
78551,2026-09-25,78481001,LE PECQ,4.9,10.5,30.6,0,
78586,2026-09-25,78005002,ACHERES,6.2,7.6,29.1,0,10.8
78646,2026-09-25,78646002,VERSAILLES- INRAE,2.1,10.1,27.6,0,
79191,2026-09-25,79191005,NIORT,4.9,14.2,30,0,27.72
80021,2026-09-25,80379002,AMIENS-GLISY,7.6,7,27.7,0,13.32
81004,2026-09-25,81284001,ALBI,2,11.3,32.9,0,20.16
81065,2026-09-25,81182004,MONTREDON-LABESSONNIE,15.3,17.8,29.3,0,17.64
82121,2026-09-25,82121002,MONTAUBAN,1.2,10.6,31.3,0,20.52
83050,2026-09-25,83050007,DRAGUIGNAN_SAPC,1.3,16.4,28.1,0,
83061,2026-09-25,83061001,FREJUS,5.2,18.1,28.2,0,19.8
83069,2026-09-25,83069001,HYERES,7.4,16.5,27.4,0,33.84
83126,2026-09-25,83137001,TOULON,3.8,18.2,28.1,0,23.04
83137,2026-09-25,83137001,TOULON,3.7,18.2,28.1,0,23.04
84007,2026-09-25,84007005,AVIGNON,6.5,19.7,31.3,0.2,29.16
85191,2026-09-25,85191003,LA ROCHE SUR YON,5.1,15.3,29.7,0,23.4
85194,2026-09-25,85060002,CHATEAU-D'OLONNE,6.1,15.3,24.3,0,21.24
86194,2026-09-25,86027001,POITIERS-BIARD,4.5,10.8,32.4,0,27.72
87085,2026-09-25,87085006,LIMOGES-BELLEGARDE,4,14.2,30.9,0,22.32
90010,2026-09-25,90035001,DORANS,6,9.5,25.2,0,15.48
91174,2026-09-25,91103001,BRETIGNY_SAPC,10.2,9.6,28.5,0,
91228,2026-09-25,91103001,BRETIGNY_SAPC,8.4,9.6,28.5,0,
91377,2026-09-25,78640001,VILLACOUBLAY,7,12.5,27.4,0,18
91589,2026-09-25,91027002,ORLY,5.1,11,28.6,0,16.92
92002,2026-09-25,78640001,VILLACOUBLAY,7.3,12.5,27.4,0,18
92004,2026-09-25,75110001,LARIBOISIERE,5.8,16.1,27.6,0,
92007,2026-09-25,75114001,PARIS-MONTSOURIS,3.4,12.8,27.5,0,12.24
92012,2026-09-25,75116008,LONGCHAMP,2,9,28.6,0,12.6
92023,2026-09-25,78640001,VILLACOUBLAY,4.3,12.5,27.4,0,18
92024,2026-09-25,75110001,LARIBOISIERE,4.2,16.1,27.6,0,
92025,2026-09-25,92073001,SURESNES,5.8,12.5,28.9,0,
92026,2026-09-25,92073001,SURESNES,3.4,12.5,28.9,0,
92036,2026-09-25,75110001,LARIBOISIERE,7.2,16.1,27.6,0,
92040,2026-09-25,75116008,LONGCHAMP,4,9,28.6,0,12.6
92044,2026-09-25,75107005,TOUR EIFFEL,4.1,12.9,28.6,,
92048,2026-09-25,78640001,VILLACOUBLAY,3.8,12.5,27.4,0,18
92049,2026-09-25,75114001,PARIS-MONTSOURIS,1.7,12.8,27.5,0,12.24
92050,2026-09-25,92073001,SURESNES,3.8,12.5,28.9,0,
92051,2026-09-25,92073001,SURESNES,2.8,12.5,28.9,0,
92062,2026-09-25,92073001,SURESNES,1.3,12.5,28.9,0,
92063,2026-09-25,92073001,SURESNES,3.9,12.5,28.9,0,
92073,2026-09-25,92073001,SURESNES,1.2,12.5,28.9,0,
93001,2026-09-25,75110001,LARIBOISIERE,4.3,16.1,27.6,0,
93005,2026-09-25,95088001,LE BOURGET,5.3,10.7,28.6,0,
93006,2026-09-25,75110001,LARIBOISIERE,5.6,16.1,27.6,0,
93007,2026-09-25,95088001,LE BOURGET,4,10.7,28.6,0,
93008,2026-09-25,95088001,LE BOURGET,6.8,10.7,28.6,0,
93010,2026-09-25,93050001,NEUILLY-SUR-M.,6.6,9.4,30,0.2,
93027,2026-09-25,95088001,LE BOURGET,4.3,10.7,28.6,0,
93029,2026-09-25,95088001,LE BOURGET,4.9,10.7,28.6,0,
93031,2026-09-25,95088001,LE BOURGET,8.2,10.7,28.6,0,
93032,2026-09-25,93050001,NEUILLY-SUR-M.,2.5,9.4,30,0.2,
93046,2026-09-25,93050001,NEUILLY-SUR-M.,6.6,9.4,30,0.2,
93048,2026-09-25,94068001,ST-MAUR,6.9,11,29.1,0,
93050,2026-09-25,93050001,NEUILLY-SUR-M.,0.6,9.4,30,0.2,
93051,2026-09-25,93050001,NEUILLY-SUR-M.,3.1,9.4,30,0.2,
93053,2026-09-25,93050001,NEUILLY-SUR-M.,7.4,9.4,30,0.2,
93055,2026-09-25,75110001,LARIBOISIERE,4.6,16.1,27.6,0,
93064,2026-09-25,93050001,NEUILLY-SUR-M.,4.6,9.4,30,0.2,
93066,2026-09-25,95088001,LE BOURGET,5.6,10.7,28.6,0,
93070,2026-09-25,75110001,LARIBOISIERE,3.5,16.1,27.6,0,
93071,2026-09-25,95088001,LE BOURGET,8.2,10.7,28.6,0,
93072,2026-09-25,95088001,LE BOURGET,3.2,10.7,28.6,0,
93073,2026-09-25,95527001,ROISSY,4.6,13.6,28.2,0,18
93078,2026-09-25,95527001,ROISSY,6.6,13.6,28.2,0,18
94002,2026-09-25,94068001,ST-MAUR,5.4,11,29.1,0,
94017,2026-09-25,94068001,ST-MAUR,2.3,11,29.1,0,
94022,2026-09-25,91027002,ORLY,5.3,11,28.6,0,16.92
94028,2026-09-25,94068001,ST-MAUR,4,11,29.1,0,
94033,2026-09-25,94068001,ST-MAUR,4.8,11,29.1,0,
94041,2026-09-25,75114001,PARIS-MONTSOURIS,3.8,12.8,27.5,0,12.24
94046,2026-09-25,94068001,ST-MAUR,3.9,11,29.1,0,
94068,2026-09-25,94068001,ST-MAUR,1,11,29.1,0,
94076,2026-09-25,75114001,PARIS-MONTSOURIS,3.5,12.8,27.5,0,12.24
94080,2026-09-25,94068001,ST-MAUR,5.8,11,29.1,0,
94081,2026-09-25,75114001,PARIS-MONTSOURIS,5.5,12.8,27.5,0,12.24
95018,2026-09-25,92073001,SURESNES,8.9,12.5,28.9,0,
95127,2026-09-25,95078001,PONTOISE - AERO,6.1,9.2,28.5,0,18
95252,2026-09-25,78005002,ACHERES,7.1,7.6,29.1,0,10.8
95268,2026-09-25,95088001,LE BOURGET,1.8,10.7,28.6,0,
95585,2026-09-25,95088001,LE BOURGET,4.1,10.7,28.6,0,
01053,2026-09-26,01072001,CEYZERIAT_SAPC,3.1,7,27.8,0,
02691,2026-09-26,02320001,ST QUENTIN,6.2,10.5,22.9,0,
05061,2026-09-26,05061009,GAP,1.5,10.3,25.9,0,9
06004,2026-09-26,06004004,ANTIBES-GOLF,1.1,19.1,27.1,0,
06027,2026-09-26,06088001,NICE,5.3,21.3,25.8,0,22.68
06029,2026-09-26,06029001,CANNES,5.4,19.1,26,0,15.12
06030,2026-09-26,06029001,CANNES,4.5,19.1,26,0,15.12
06069,2026-09-26,06038001,CHATEAUNEUF GRASSE,5.4,17.2,23.2,0,13.32
06088,2026-09-26,06088007,NICE-RIMIEZ,4.5,18.5,24.6,0,16.56
08105,2026-09-26,08105005,CHARLEVILLE-MEZ,6.3,3.8,25.8,0,13.32
10387,2026-09-26,10030001,TROYES-BARBEREY,5.5,8.6,22.6,0,27
11069,2026-09-26,11069001,CARCASSONNE,4.4,19.2,29.4,0,27
11262,2026-09-26,11262005,NARBONNE,6.3,18.6,30.2,0,26.64
13001,2026-09-26,13001009,AIX EN PROVENCE,3,15.1,29.1,0,15.48
13004,2026-09-26,13004003,ARLES,5.1,14.7,27.7,0,17.64
13005,2026-09-26,13005003,AUBAGNE,3.5,14,28.3,0,16.56
13028,2026-09-26,13028001,BEC DE L AIGLE,3.8,19.3,26.1,0,19.08
13047,2026-09-26,13047001,ISTRES,3,17.8,27.8,0,22.32
13055,2026-09-26,13055001,MARSEILLE-OBS,3,19,27.2,0,
13056,2026-09-26,13054001,MARIGNANE,14.7,17.7,27.9,0,21.24
13103,2026-09-26,13103001,SALON DE PROVENCE,5.8,15.2,28.6,0,18.36
14118,2026-09-26,14137001,CAEN-CARPIQUET,6.1,12.5,20.8,0,19.08
16015,2026-09-26,16113001,LA COURONNE,4,14.9,27.1,0,10.08
17300,2026-09-26,17300009,LA ROCHELLE-ILE DE RE,2.2,17.2,24,0,19.08
18033,2026-09-26,18033001,BOURGES,3.6,16,24.1,0,17.64
19031,2026-09-26,19031008,BRIVE,3.2,18.3,25.9,0,9.36
21231,2026-09-26,21231001,DIJON,2,8.4,28.8,0,
22278,2026-09-26,22372001,ST BRIEUC,7,11.3,18.7,0,19.44
25056,2026-09-26,25056001,BESANCON,2.2,8,27.5,0,12.24
26198,2026-09-26,26198001,MONTELIMAR,3.1,10.8,30.4,0,13.32
26362,2026-09-26,26064001,VALENCE-CHABEUI,4.5,8.4,30.1,0,24.12
27229,2026-09-26,27306001,GUICHAINVILLE,5.5,14.3,22.1,0.2,
28085,2026-09-26,28070001,CHARTRES,1.4,14.1,24.4,0,17.28
29019,2026-09-26,29075001,BREST-GUIPAVAS,9.5,7.7,21.2,0,17.64
29232,2026-09-26,29216001,QUIMPER,5.5,11.6,22.6,0,16.92
2A004,2026-09-26,20004014,AJACCIO-MILELLI_SAPC,2.1,18,28.7,0,
2B033,2026-09-26,20033015,BASTIA_SAPC,2.6,17.5,27.4,0,
30007,2026-09-26,30243001,ST CHRISTOL-LES-ALES,3.7,10.2,30.6,0,
30189,2026-09-26,30189001,NIMES-COURBESSAC,5.8,15.9,30.1,0.2,17.64
31149,2026-09-26,31069001,TOULOUSE-BLAGNAC,4.5,17.8,28.3,0,13.68
31555,2026-09-26,31069001,TOULOUSE-BLAGNAC,4.9,17.8,28.3,0,13.68
33063,2026-09-26,33063001,BORDEAUX-PAULIN,1.4,19.2,28.5,0,
33281,2026-09-26,33281001,BORDEAUX-MERIGNAC,0.7,18.5,27.4,0,16.92
33318,2026-09-26,33281001,BORDEAUX-MERIGNAC,5,18.5,27.4,0,16.92
33522,2026-09-26,33550001,VILLENAVE D'ORNON-INRAE,2.2,19.2,27.7,0,
33550,2026-09-26,33080001,CADAUJAC-INRAE,2.4,18,27,0,
34032,2026-09-26,34032002,BEZIERS-COURTADE,6.6,12,29.4,0,
34172,2026-09-26,34337001,VILLENEUVE-LES-MAG-INRAE,8.2,15.2,26.1,0,
34301,2026-09-26,34301002,SETE,4.1,17.6,24.7,0,17.64
35238,2026-09-26,35238003,RENNES GALLET,3.5,12.4,24.2,0,
35288,2026-09-26,35228001,DINARD,8.6,14.8,20,0,21.6
36044,2026-09-26,36063001,CHATEAUROUX  DEOLS,8.4,16.1,23.4,0,27.36
37122,2026-09-26,37122001,JOUE-LES-TOURS OB,1.4,14.7,21.9,0.2,
37261,2026-09-26,37179001,TOURS,6.1,15.1,21.5,0,15.12
38185,2026-09-26,38185012,GRENOBLE-CEA-RADOME,4,12.3,30.1,0,9.72
38421,2026-09-26,38185012,GRENOBLE-CEA-RADOME,7.4,12.3,30.1,0,9.72
41018,2026-09-26,41018001,BLOIS - VILLE,2.7,15,21.5,0.2,
42218,2026-09-26,42218011,SAINT-ETIENNE,1.3,11.8,27,0,16.56
44109,2026-09-26,44109012,NANTES-VILLE,3.7,12,23.7,0,
44143,2026-09-26,44020001,NANTES-BOUGUENAIS,4.7,11.5,24,0,15.84
44162,2026-09-26,44020001,NANTES-BOUGUENAIS,8.5,11.5,24,0,15.84
44184,2026-09-26,44103001,ST NAZAIRE-MONTOIR,7.6,12.1,24.3,0,17.28
45169,2026-09-26,45055001,ORLEANS,8.2,12.8,21.3,0,16.92
45234,2026-09-26,45193001,MARCILLY-EN-V.,14.2,14.9,22.2,0,
49007,2026-09-26,49007011,ANGERS VILLE,3.2,14.4,23,0,
49099,2026-09-26,49099003,CHOLET,4.9,13.3,22.1,0,15.12
50129,2026-09-26,50209001,GONNEVILLE,12.7,13.3,18.5,0.2,18
51108,2026-09-26,51242001,FAGNIERES-INRAE,6,5.9,24,0,
51454,2026-09-26,51449002,REIMS-PRUNAY,8.7,5.5,25.1,0,13.32
53130,2026-09-26,53130008,LAVAL-ETRONNIER,3.5,12.3,22.9,0,15.12
54395,2026-09-26,54526001,NANCY-ESSEY,3.5,5.2,29.7,0,14.76
56121,2026-09-26,56185001,LORIENT-LANN BIHOUE,4.4,11,22.4,0.2,20.52
56260,2026-09-26,56243001,VANNES-SENE,6.5,10.2,24.8,0,10.8
57463,2026-09-26,57039001,METZ-FRESCATY,6.5,4.6,28.8,0,15.12
57672,2026-09-26,57689001,VALMESTROFF,8.7,5.1,28.7,0,18.36
59009,2026-09-26,59512001,ROUBAIX,8,14.9,21,0,
59178,2026-09-26,59178001,DOUAI,2.7,11.5,21.6,0,
59183,2026-09-26,59183001,DUNKERQUE,4.2,17.1,19,0,21.96
59350,2026-09-26,59343001,LILLE-LESQUIN,7.7,13.9,21.5,0,21.96
59378,2026-09-26,59512001,ROUBAIX,6.4,14.9,21,0,
59512,2026-09-26,59512001,ROUBAIX,2.1,14.9,21,0,
59599,2026-09-26,59512001,ROUBAIX,2.2,14.9,21,0,
59606,2026-09-26,59606004,VALENCIENNES,5.3,10.4,22.2,0,19.8
59650,2026-09-26,59512001,ROUBAIX,2.6,14.9,21,0,
60057,2026-09-26,60639001,BEAUVAIS-TILLE,2.9,10.7,22.8,0,19.8
60159,2026-09-26,60382001,MARGNY-LES-COMPIEGNE,5,11.9,23.7,0,20.16
62041,2026-09-26,62873001,ARRAS,8.2,11.5,21.3,0.2,23.04
62160,2026-09-26,62160001,BOULOGNE-SEM,0.5,16.2,19.2,0,16.92
62193,2026-09-26,62548002,CALAIS-MARCK,6.2,14.7,18.6,0.2,22.68
63113,2026-09-26,63113001,CLERMONT-FD,2.8,10.4,27.2,0,15.48
64024,2026-09-26,64024001,BIARRITZ-PAYS-BASQUE,2.5,18.7,23.5,0,18.36
64102,2026-09-26,64024001,BIARRITZ-PAYS-BASQUE,6.1,18.7,23.5,0,18.36
64445,2026-09-26,64549001,PAU-UZEIN,9.2,18.4,26.7,0,12.6
65440,2026-09-26,65344001,TARBES-LOURDES-PYRENEES,7.7,17.1,25.9,0.2,13.32
66136,2026-09-26,66136001,PERPIGNAN,5,18.4,29.5,0,20.88
67482,2026-09-26,67482001,STRASBOURG - BOTANIQUE,1.5,8.5,26,0,
68066,2026-09-26,68066001,COLMAR-INRAE,7.1,7.8,28.9,0,
68224,2026-09-26,68224006,MULHOUSE,2.8,5.2,29.7,0,11.88
69029,2026-09-26,69029001,LYON-BRON,3.3,9.2,28.8,0,9
69034,2026-09-26,69123002,LYON TETE D'OR,2.9,10.7,28.2,0,
69123,2026-09-26,69123002,LYON TETE D'OR,2.3,10.7,28.2,0,
69149,2026-09-26,69204002,ST-GENIS-LAVAL,2.7,11.9,29,0,
69256,2026-09-26,69123002,LYON TETE D'OR,5.4,10.7,28.2,0,
69259,2026-09-26,69029001,LYON-BRON,5.8,9.2,28.8,0,9
69266,2026-09-26,69123002,LYON TETE D'OR,2.7,10.7,28.2,0,
69290,2026-09-26,69029001,LYON-BRON,2.2,9.2,28.8,0,9
71076,2026-09-26,71081001,CHALON-CHAMPFO,4.6,6,27.3,0,15.12
72181,2026-09-26,72181001,LE MANS,4,15,24.6,0,13.68
73065,2026-09-26,73064001,CHALLES LES EAUX,5.3,7.4,29.7,0,
74010,2026-09-26,74093001,CRAN-GEVRIER,1.7,7.9,29.7,0,
74012,2026-09-26,74133001,GAILLARD,3.2,6.9,29.8,0,
74281,2026-09-26,74281001,THONON-INRAE,1.9,11.4,22.9,0,
75056,2026-09-26,75106001,LUXEMBOURG,1.7,15.8,23.6,0,
76351,2026-09-26,76552001,CAP-DE-LA-HEVE,4.6,16.2,18.7,0,20.52
76540,2026-09-26,76540009,ROUEN - JARDIN,2.3,14.9,21.5,0,
77108,2026-09-26,93050001,NEUILLY-SUR-M.,4.5,12.6,23.7,0,
77284,2026-09-26,77084001,CHANGIS,8,9.8,24.1,0,10.8
77288,2026-09-26,77306001,MELUN,7.8,10.5,21.7,0,12.96
77373,2026-09-26,77468001,TORCY,8.7,12.9,23.1,0.2,6.84
78361,2026-09-26,78354001,MAGNANVILLE,3.8,13.9,23.1,0,14.4
78498,2026-09-26,78481001,LE PECQ,7.8,14.1,24.6,0,
78551,2026-09-26,78481001,LE PECQ,4.9,14.1,24.6,0,
78586,2026-09-26,78005002,ACHERES,6.2,12.6,23.5,0,12.24
78646,2026-09-26,78646002,VERSAILLES- INRAE,2.1,11.4,21.8,0,
79191,2026-09-26,79191005,NIORT,4.9,15.9,24.4,0,15.12
80021,2026-09-26,80379002,AMIENS-GLISY,7.6,14,21.8,0,17.64
81004,2026-09-26,81284001,ALBI,2,18.2,28.9,0,11.52
81065,2026-09-26,81182004,MONTREDON-LABESSONNIE,15.3,15.6,28.6,0,16.56
82121,2026-09-26,82121002,MONTAUBAN,1.2,17,27.4,0,10.08
83050,2026-09-26,83050007,DRAGUIGNAN_SAPC,1.3,17.1,27.2,0,
83061,2026-09-26,83061001,FREJUS,5.2,18.8,27,0,10.44
83069,2026-09-26,83069001,HYERES,7.4,17.9,26.7,0,21.6
83126,2026-09-26,83137001,TOULON,3.8,18.2,26.9,0,17.64
83137,2026-09-26,83137001,TOULON,3.7,18.2,26.9,0,17.64
84007,2026-09-26,84007005,AVIGNON,6.5,15,29.5,0,20.16
85191,2026-09-26,85191003,LA ROCHE SUR YON,5.1,12.8,23.4,0,14.4
85194,2026-09-26,85060002,CHATEAU-D'OLONNE,6.1,14.2,22.4,0,16.92
86194,2026-09-26,86027001,POITIERS-BIARD,4.5,15.5,22.5,0,15.48
87085,2026-09-26,87085006,LIMOGES-BELLEGARDE,4,15.9,24.6,0,20.52
90010,2026-09-26,90035001,DORANS,6,7.8,27.6,0,14.76
91174,2026-09-26,91103001,BRETIGNY_SAPC,10.2,14.4,22.4,0,
91228,2026-09-26,91103001,BRETIGNY_SAPC,8.4,14.4,22.4,0,
91377,2026-09-26,78640001,VILLACOUBLAY,7,13.9,21.7,0,18.36
91589,2026-09-26,91027002,ORLY,5.1,15.1,22.4,0.2,15.48
92002,2026-09-26,78640001,VILLACOUBLAY,7.3,13.9,21.7,0,18.36
92004,2026-09-26,75110001,LARIBOISIERE,5.8,16.1,22.2,0,
92007,2026-09-26,75114001,PARIS-MONTSOURIS,3.4,15.6,22.2,0,15.84
92012,2026-09-26,75116008,LONGCHAMP,2,13.9,23.8,0,14.4
92023,2026-09-26,78640001,VILLACOUBLAY,4.3,13.9,21.7,0,18.36
92024,2026-09-26,75110001,LARIBOISIERE,4.2,16.1,22.2,0,
92025,2026-09-26,92073001,SURESNES,5.8,16,24.2,0,
92026,2026-09-26,92073001,SURESNES,3.4,16,24.2,0,
92036,2026-09-26,75110001,LARIBOISIERE,7.2,16.1,22.2,0,
92040,2026-09-26,75116008,LONGCHAMP,4,13.9,23.8,0,14.4
92044,2026-09-26,75107005,TOUR EIFFEL,4.1,15.6,23.3,,
92048,2026-09-26,78640001,VILLACOUBLAY,3.8,13.9,21.7,0,18.36
92049,2026-09-26,75114001,PARIS-MONTSOURIS,1.7,15.6,22.2,0,15.84
92050,2026-09-26,92073001,SURESNES,3.8,16,24.2,0,
92051,2026-09-26,92073001,SURESNES,2.8,16,24.2,0,
92062,2026-09-26,92073001,SURESNES,1.3,16,24.2,0,
92063,2026-09-26,92073001,SURESNES,3.9,16,24.2,0,
92073,2026-09-26,92073001,SURESNES,1.2,16,24.2,0,
93001,2026-09-26,75110001,LARIBOISIERE,4.3,16.1,22.2,0,
93005,2026-09-26,95088001,LE BOURGET,5.3,13,23.3,0.2,11.52
93006,2026-09-26,75110001,LARIBOISIERE,5.6,16.1,22.2,0,
93007,2026-09-26,95088001,LE BOURGET,4,13,23.3,0.2,11.52
93008,2026-09-26,95088001,LE BOURGET,6.8,13,23.3,0.2,11.52
93010,2026-09-26,93050001,NEUILLY-SUR-M.,6.6,12.6,23.7,0,
93027,2026-09-26,95088001,LE BOURGET,4.3,13,23.3,0.2,11.52
93029,2026-09-26,95088001,LE BOURGET,4.9,13,23.3,0.2,11.52
93031,2026-09-26,95088001,LE BOURGET,8.2,13,23.3,0.2,11.52
93032,2026-09-26,93050001,NEUILLY-SUR-M.,2.5,12.6,23.7,0,
93046,2026-09-26,93050001,NEUILLY-SUR-M.,6.6,12.6,23.7,0,
93048,2026-09-26,94068001,ST-MAUR,6.9,14.3,22.8,0,
93050,2026-09-26,93050001,NEUILLY-SUR-M.,0.6,12.6,23.7,0,
93051,2026-09-26,93050001,NEUILLY-SUR-M.,3.1,12.6,23.7,0,
93053,2026-09-26,93050001,NEUILLY-SUR-M.,7.4,12.6,23.7,0,
93055,2026-09-26,75110001,LARIBOISIERE,4.6,16.1,22.2,0,
93064,2026-09-26,93050001,NEUILLY-SUR-M.,4.6,12.6,23.7,0,
93066,2026-09-26,95088001,LE BOURGET,5.6,13,23.3,0.2,11.52
93070,2026-09-26,75110001,LARIBOISIERE,3.5,16.1,22.2,0,
93071,2026-09-26,95088001,LE BOURGET,8.2,13,23.3,0.2,11.52
93072,2026-09-26,95088001,LE BOURGET,3.2,13,23.3,0.2,11.52
93073,2026-09-26,95527001,ROISSY,4.6,13.9,23.1,0,14.4
93078,2026-09-26,95527001,ROISSY,6.6,13.9,23.1,0,14.4
94002,2026-09-26,94068001,ST-MAUR,5.4,14.3,22.8,0,
94017,2026-09-26,94068001,ST-MAUR,2.3,14.3,22.8,0,
94022,2026-09-26,91027002,ORLY,5.3,15.1,22.4,0.2,15.48
94028,2026-09-26,94068001,ST-MAUR,4,14.3,22.8,0,
94033,2026-09-26,94068001,ST-MAUR,4.8,14.3,22.8,0,
94041,2026-09-26,75114001,PARIS-MONTSOURIS,3.8,15.6,22.2,0,15.84
94046,2026-09-26,94068001,ST-MAUR,3.9,14.3,22.8,0,
94068,2026-09-26,94068001,ST-MAUR,1,14.3,22.8,0,
94076,2026-09-26,75114001,PARIS-MONTSOURIS,3.5,15.6,22.2,0,15.84
94080,2026-09-26,94068001,ST-MAUR,5.8,14.3,22.8,0,
94081,2026-09-26,75114001,PARIS-MONTSOURIS,5.5,15.6,22.2,0,15.84
95018,2026-09-26,92073001,SURESNES,8.9,16,24.2,0,
95127,2026-09-26,95078001,PONTOISE - AERO,6.1,12.8,22.8,0.2,16.2
95252,2026-09-26,78005002,ACHERES,7.1,12.6,23.5,0,12.24
95268,2026-09-26,95088001,LE BOURGET,1.8,13,23.3,0.2,11.52
95585,2026-09-26,95088001,LE BOURGET,4.1,13,23.3,0.2,11.52
01053,2026-09-27,01072001,CEYZERIAT_SAPC,3.1,11.9,28.9,0,
02691,2026-09-27,02320001,ST QUENTIN,6.2,9.7,25.6,0,
05061,2026-09-27,05061009,GAP,1.5,11.6,26.6,0,11.52
06004,2026-09-27,06004004,ANTIBES-GOLF,1.1,14.8,28,0,
06027,2026-09-27,06088001,NICE,5.3,19.2,26,0,20.52
06029,2026-09-27,06029001,CANNES,5.4,15.4,26.6,0,18
06030,2026-09-27,06029001,CANNES,4.5,15.4,26.6,0,18
06069,2026-09-27,06038001,CHATEAUNEUF GRASSE,5.4,16.5,26.4,0,16.2
06088,2026-09-27,06088007,NICE-RIMIEZ,4.5,16.4,25.1,0,17.28
08105,2026-09-27,08105005,CHARLEVILLE-MEZ,6.3,6.9,25.4,0,18.36
10387,2026-09-27,10030001,TROYES-BARBEREY,5.5,8,28.9,0,19.8
11069,2026-09-27,11069001,CARCASSONNE,4.4,18.9,25.9,0,43.56
11262,2026-09-27,11262005,NARBONNE,6.3,18,26.5,0,16.92
13001,2026-09-27,13001009,AIX EN PROVENCE,3,16.6,29,0,14.4
13004,2026-09-27,13004003,ARLES,5.1,16.2,27.5,0,22.68
13005,2026-09-27,13005003,AUBAGNE,3.5,13.2,28.4,0.2,19.8
13028,2026-09-27,13028001,BEC DE L AIGLE,3.8,19.1,24.7,0,37.8
13047,2026-09-27,13047001,ISTRES,3,20,27.4,0,28.44
13055,2026-09-27,13055001,MARSEILLE-OBS,3,19,27.9,0,
13056,2026-09-27,13054001,MARIGNANE,14.7,18.1,28.3,0,28.08
13103,2026-09-27,13103001,SALON DE PROVENCE,5.8,17,28.1,0.2,19.08
14118,2026-09-27,14137001,CAEN-CARPIQUET,6.1,11.2,25.9,5.6,30.24
16015,2026-09-27,16113001,LA COURONNE,4,11.5,29.3,0,14.76
17300,2026-09-27,17300009,LA ROCHELLE-ILE DE RE,2.2,15.1,23.2,2,23.76
18033,2026-09-27,18033001,BOURGES,3.6,11.5,29.5,0,15.84
19031,2026-09-27,19031008,BRIVE,3.2,11.4,32.5,0,14.76
21231,2026-09-27,21231001,DIJON,2,10.3,29.3,0,
22278,2026-09-27,22372001,ST BRIEUC,7,13,19.9,1.8,27
25056,2026-09-27,25056001,BESANCON,2.2,10.1,29.7,0,11.88
26198,2026-09-27,26198001,MONTELIMAR,3.1,15.2,28.3,0,19.44
26362,2026-09-27,26064001,VALENCE-CHABEUI,4.5,17.5,28.2,0,37.44
27229,2026-09-27,27306001,GUICHAINVILLE,5.5,11.9,26.5,1.4,
28085,2026-09-27,28070001,CHARTRES,1.4,9.4,27.7,0,20.88
29019,2026-09-27,29075001,BREST-GUIPAVAS,9.5,11.8,19.4,1.2,35.28
29232,2026-09-27,29216001,QUIMPER,5.5,11.6,19.2,2.6,24.84
2A004,2026-09-27,20004014,AJACCIO-MILELLI_SAPC,2.1,17,30,0.2,
2B033,2026-09-27,20033015,BASTIA_SAPC,2.6,18.4,28.1,0,
30007,2026-09-27,30243001,ST CHRISTOL-LES-ALES,3.7,14.2,28.8,0,
30189,2026-09-27,30189001,NIMES-COURBESSAC,5.8,16.6,29.1,0,19.44
31149,2026-09-27,31069001,TOULOUSE-BLAGNAC,4.5,18.1,28.7,0,39.96
31555,2026-09-27,31069001,TOULOUSE-BLAGNAC,4.9,18.1,28.7,0,39.96
33063,2026-09-27,33063001,BORDEAUX-PAULIN,1.4,15.9,31.2,0,
33281,2026-09-27,33281001,BORDEAUX-MERIGNAC,0.7,15.2,31.5,0,16.92
33318,2026-09-27,33281001,BORDEAUX-MERIGNAC,5,15.2,31.5,0,16.92
33522,2026-09-27,33550001,VILLENAVE D'ORNON-INRAE,2.2,15.5,30.8,0,
33550,2026-09-27,33080001,CADAUJAC-INRAE,2.4,14.2,30.4,0,
34032,2026-09-27,34032002,BEZIERS-COURTADE,6.6,16.4,26.4,0.2,
34172,2026-09-27,34337001,VILLENEUVE-LES-MAG-INRAE,8.2,17.8,26.3,0.5,
34301,2026-09-27,34301002,SETE,4.1,19,25,0,14.4
35238,2026-09-27,35238003,RENNES GALLET,3.5,13.3,21.8,12.5,
35288,2026-09-27,35228001,DINARD,8.6,14.2,20.7,4.8,25.2
36044,2026-09-27,36063001,CHATEAUROUX  DEOLS,8.4,10.4,30,0,21.96
37122,2026-09-27,37122001,JOUE-LES-TOURS OB,1.4,10,28.4,11.4,
37261,2026-09-27,37179001,TOURS,6.1,10.8,27.7,11.6,23.76
38185,2026-09-27,38185012,GRENOBLE-CEA-RADOME,4,12.4,29.4,0,12.24
38421,2026-09-27,38185012,GRENOBLE-CEA-RADOME,7.4,12.4,29.4,0,12.24
41018,2026-09-27,41018001,BLOIS - VILLE,2.7,8.5,28.9,4,
42218,2026-09-27,42218011,SAINT-ETIENNE,1.3,14.1,29.6,0,15.48
44109,2026-09-27,44109012,NANTES-VILLE,3.7,12.1,24.8,0.4,
44143,2026-09-27,44020001,NANTES-BOUGUENAIS,4.7,12.5,24.9,0.4,21.24
44162,2026-09-27,44020001,NANTES-BOUGUENAIS,8.5,12.5,24.9,0.4,21.24
44184,2026-09-27,44103001,ST NAZAIRE-MONTOIR,7.6,12.7,21.9,9.9,27
45169,2026-09-27,45055001,ORLEANS,8.2,9.1,28.4,0.2,30.96
45234,2026-09-27,45193001,MARCILLY-EN-V.,14.2,8.1,29.4,0,
49007,2026-09-27,49007011,ANGERS VILLE,3.2,13.5,26.5,0.8,
49099,2026-09-27,49099003,CHOLET,4.9,13.8,25,0.7,20.16
50129,2026-09-27,50209001,GONNEVILLE,12.7,11.5,20.8,0.2,36.72
51108,2026-09-27,51242001,FAGNIERES-INRAE,6,8,26.4,0,
51454,2026-09-27,51449002,REIMS-PRUNAY,8.7,8.5,26.5,0,18.36
53130,2026-09-27,53130008,LAVAL-ETRONNIER,3.5,11.7,23.8,6.9,23.76
54395,2026-09-27,54526001,NANCY-ESSEY,3.5,9,29.8,0,20.16
56121,2026-09-27,56185001,LORIENT-LANN BIHOUE,4.4,11.9,19.5,6,26.28
56260,2026-09-27,56243001,VANNES-SENE,6.5,13.3,20.7,8.4,13.68
57463,2026-09-27,57039001,METZ-FRESCATY,6.5,8.9,28.6,0,22.32
57672,2026-09-27,57689001,VALMESTROFF,8.7,9.7,28.3,0,20.16
59009,2026-09-27,59512001,ROUBAIX,8,10,24.9,1,
59178,2026-09-27,59178001,DOUAI,2.7,9.3,25.7,1.6,
59183,2026-09-27,59183001,DUNKERQUE,4.2,13.6,24,0.2,23.4
59350,2026-09-27,59343001,LILLE-LESQUIN,7.7,10.4,25.1,0.4,23.04
59378,2026-09-27,59512001,ROUBAIX,6.4,10,24.9,1,
59512,2026-09-27,59512001,ROUBAIX,2.1,10,24.9,1,
59599,2026-09-27,59512001,ROUBAIX,2.2,10,24.9,1,
59606,2026-09-27,59606004,VALENCIENNES,5.3,9,24.9,0.7,24.84
59650,2026-09-27,59512001,ROUBAIX,2.6,10,24.9,1,
60057,2026-09-27,60639001,BEAUVAIS-TILLE,2.9,8.5,26.8,0.6,25.56
60159,2026-09-27,60382001,MARGNY-LES-COMPIEGNE,5,10.6,26.8,0,23.04
62041,2026-09-27,62873001,ARRAS,8.2,8.5,25.4,2.2,24.12
62160,2026-09-27,62160001,BOULOGNE-SEM,0.5,13.8,21.7,0.2,31.32
62193,2026-09-27,62548002,CALAIS-MARCK,6.2,9,23.8,0.2,26.64
63113,2026-09-27,63113001,CLERMONT-FD,2.8,10.1,32.4,0,25.92
64024,2026-09-27,64024001,BIARRITZ-PAYS-BASQUE,2.5,15.1,27,0,23.4
64102,2026-09-27,64024001,BIARRITZ-PAYS-BASQUE,6.1,15.1,27,0,23.4
64445,2026-09-27,64549001,PAU-UZEIN,9.2,14.2,31.3,0,21.96
65440,2026-09-27,65344001,TARBES-LOURDES-PYRENEES,7.7,13.1,30.4,0,26.64
66136,2026-09-27,66136001,PERPIGNAN,5,16.5,26.9,0,34.2
67482,2026-09-27,67482001,STRASBOURG - BOTANIQUE,1.5,10.5,29.4,0,
68066,2026-09-27,68066001,COLMAR-INRAE,7.1,9.8,30.8,0,
68224,2026-09-27,68224006,MULHOUSE,2.8,7,31.1,0,13.32
69029,2026-09-27,69029001,LYON-BRON,3.3,12.7,28.8,0,36.72
69034,2026-09-27,69123002,LYON TETE D'OR,2.9,12.7,28.6,0,
69123,2026-09-27,69123002,LYON TETE D'OR,2.3,12.7,28.6,0,
69149,2026-09-27,69204002,ST-GENIS-LAVAL,2.7,15.2,28.6,0,
69256,2026-09-27,69123002,LYON TETE D'OR,5.4,12.7,28.6,0,
69259,2026-09-27,69029001,LYON-BRON,5.8,12.7,28.8,0,36.72
69266,2026-09-27,69123002,LYON TETE D'OR,2.7,12.7,28.6,0,
69290,2026-09-27,69029001,LYON-BRON,2.2,12.7,28.8,0,36.72
71076,2026-09-27,71081001,CHALON-CHAMPFO,4.6,9.2,29.9,0,24.84
72181,2026-09-27,72181001,LE MANS,4,11.7,26.2,2.6,21.24
73065,2026-09-27,73064001,CHALLES LES EAUX,5.3,8.4,29.4,0,
74010,2026-09-27,74093001,CRAN-GEVRIER,1.7,8,28.7,0,
74012,2026-09-27,74133001,GAILLARD,3.2,7.4,30.1,0.2,
74281,2026-09-27,74281001,THONON-INRAE,1.9,11.9,24.6,0,
75056,2026-09-27,75106001,LUXEMBOURG,1.7,15.1,28.7,0,
76351,2026-09-27,76552001,CAP-DE-LA-HEVE,4.6,15.1,23.8,2.4,27.72
76540,2026-09-27,76540009,ROUEN - JARDIN,2.3,14.1,28,3,
77108,2026-09-27,93050001,NEUILLY-SUR-M.,4.5,11.4,28.9,0,
77284,2026-09-27,77084001,CHANGIS,8,10.2,28.7,0,21.24
77288,2026-09-27,77306001,MELUN,7.8,8.8,29,0,24.12
77373,2026-09-27,77468001,TORCY,8.7,11.1,28.2,0,14.4
78361,2026-09-27,78354001,MAGNANVILLE,3.8,11.5,27.8,0.4,22.32
78498,2026-09-27,78481001,LE PECQ,7.8,11.7,28.8,0,
78551,2026-09-27,78481001,LE PECQ,4.9,11.7,28.8,0,
78586,2026-09-27,78005002,ACHERES,6.2,9.7,28.4,0,15.48
78646,2026-09-27,78646002,VERSAILLES- INRAE,2.1,10.2,26.2,0,
79191,2026-09-27,79191005,NIORT,4.9,13.6,26.7,26.5,17.28
80021,2026-09-27,80379002,AMIENS-GLISY,7.6,9.9,26.2,2.1,24.12
81004,2026-09-27,81284001,ALBI,2,16.9,30.8,0,20.88
81065,2026-09-27,81182004,MONTREDON-LABESSONNIE,15.3,18.3,26.2,0,27.36
82121,2026-09-27,82121002,MONTAUBAN,1.2,12,31.5,0,20.88
83050,2026-09-27,83050007,DRAGUIGNAN_SAPC,1.3,14.5,28.3,0,
83061,2026-09-27,83061001,FREJUS,5.2,15.5,27.3,0,10.44
83069,2026-09-27,83069001,HYERES,7.4,16.8,26.7,0,25.92
83126,2026-09-27,83137001,TOULON,3.8,17,26.5,0,17.64
83137,2026-09-27,83137001,TOULON,3.7,17,26.5,0,17.64
84007,2026-09-27,84007005,AVIGNON,6.5,14.9,29.6,0.2,21.96
85191,2026-09-27,85191003,LA ROCHE SUR YON,5.1,13.1,24.6,1,17.64
85194,2026-09-27,85060002,CHATEAU-D'OLONNE,6.1,13.3,22.4,1.6,16.2
86194,2026-09-27,86027001,POITIERS-BIARD,4.5,11,28.1,13.9,30.6
87085,2026-09-27,87085006,LIMOGES-BELLEGARDE,4,14,27.5,0,23.76
90010,2026-09-27,90035001,DORANS,6,10.7,30.4,0,13.32
91174,2026-09-27,91103001,BRETIGNY_SAPC,10.2,9.9,27.8,0,
91228,2026-09-27,91103001,BRETIGNY_SAPC,8.4,9.9,27.8,0,
91377,2026-09-27,78640001,VILLACOUBLAY,7,12.8,26.7,0.2,21.6
91589,2026-09-27,91027002,ORLY,5.1,12,28.2,0,23.4
92002,2026-09-27,78640001,VILLACOUBLAY,7.3,12.8,26.7,0.2,21.6
92004,2026-09-27,75110001,LARIBOISIERE,5.8,15.9,27.4,0,
92007,2026-09-27,75114001,PARIS-MONTSOURIS,3.4,13.8,27.1,0,17.28
92012,2026-09-27,75116008,LONGCHAMP,2,10.9,28.3,0.2,16.56
92023,2026-09-27,78640001,VILLACOUBLAY,4.3,12.8,26.7,0.2,21.6
92024,2026-09-27,75110001,LARIBOISIERE,4.2,15.9,27.4,0,
92025,2026-09-27,92073001,SURESNES,5.8,13.5,28.6,0,
92026,2026-09-27,92073001,SURESNES,3.4,13.5,28.6,0,
92036,2026-09-27,75110001,LARIBOISIERE,7.2,15.9,27.4,0,
92040,2026-09-27,75116008,LONGCHAMP,4,10.9,28.3,0.2,16.56
92044,2026-09-27,75107005,TOUR EIFFEL,4.1,14.1,25.7,,31.68
92048,2026-09-27,78640001,VILLACOUBLAY,3.8,12.8,26.7,0.2,21.6
92049,2026-09-27,75114001,PARIS-MONTSOURIS,1.7,13.8,27.1,0,17.28
92050,2026-09-27,92073001,SURESNES,3.8,13.5,28.6,0,
92051,2026-09-27,92073001,SURESNES,2.8,13.5,28.6,0,
92062,2026-09-27,92073001,SURESNES,1.3,13.5,28.6,0,
92063,2026-09-27,92073001,SURESNES,3.9,13.5,28.6,0,
92073,2026-09-27,92073001,SURESNES,1.2,13.5,28.6,0,
93001,2026-09-27,75110001,LARIBOISIERE,4.3,15.9,27.4,0,
93005,2026-09-27,95088001,LE BOURGET,5.3,11.8,28.2,0,25.2
93006,2026-09-27,75110001,LARIBOISIERE,5.6,15.9,27.4,0,
93007,2026-09-27,95088001,LE BOURGET,4,11.8,28.2,0,25.2
93008,2026-09-27,95088001,LE BOURGET,6.8,11.8,28.2,0,25.2
93010,2026-09-27,93050001,NEUILLY-SUR-M.,6.6,11.4,28.9,0,
93027,2026-09-27,95088001,LE BOURGET,4.3,11.8,28.2,0,25.2
93029,2026-09-27,95088001,LE BOURGET,4.9,11.8,28.2,0,25.2
93031,2026-09-27,95088001,LE BOURGET,8.2,11.8,28.2,0,25.2
93032,2026-09-27,93050001,NEUILLY-SUR-M.,2.5,11.4,28.9,0,
93046,2026-09-27,93050001,NEUILLY-SUR-M.,6.6,11.4,28.9,0,
93048,2026-09-27,94068001,ST-MAUR,6.9,12.3,28.9,0,
93050,2026-09-27,93050001,NEUILLY-SUR-M.,0.6,11.4,28.9,0,
93051,2026-09-27,93050001,NEUILLY-SUR-M.,3.1,11.4,28.9,0,
93053,2026-09-27,93050001,NEUILLY-SUR-M.,7.4,11.4,28.9,0,
93055,2026-09-27,75110001,LARIBOISIERE,4.6,15.9,27.4,0,
93064,2026-09-27,93050001,NEUILLY-SUR-M.,4.6,11.4,28.9,0,
93066,2026-09-27,95088001,LE BOURGET,5.6,11.8,28.2,0,25.2
93070,2026-09-27,75110001,LARIBOISIERE,3.5,15.9,27.4,0,
93071,2026-09-27,95088001,LE BOURGET,8.2,11.8,28.2,0,25.2
93072,2026-09-27,95088001,LE BOURGET,3.2,11.8,28.2,0,25.2
93073,2026-09-27,95527001,ROISSY,4.6,13,27.7,0,25.56
93078,2026-09-27,95527001,ROISSY,6.6,13,27.7,0,25.56
94002,2026-09-27,94068001,ST-MAUR,5.4,12.3,28.9,0,
94017,2026-09-27,94068001,ST-MAUR,2.3,12.3,28.9,0,
94022,2026-09-27,91027002,ORLY,5.3,12,28.2,0,23.4
94028,2026-09-27,94068001,ST-MAUR,4,12.3,28.9,0,
94033,2026-09-27,94068001,ST-MAUR,4.8,12.3,28.9,0,
94041,2026-09-27,75114001,PARIS-MONTSOURIS,3.8,13.8,27.1,0,17.28
94046,2026-09-27,94068001,ST-MAUR,3.9,12.3,28.9,0,
94068,2026-09-27,94068001,ST-MAUR,1,12.3,28.9,0,
94076,2026-09-27,75114001,PARIS-MONTSOURIS,3.5,13.8,27.1,0,17.28
94080,2026-09-27,94068001,ST-MAUR,5.8,12.3,28.9,0,
94081,2026-09-27,75114001,PARIS-MONTSOURIS,5.5,13.8,27.1,0,17.28
95018,2026-09-27,92073001,SURESNES,8.9,13.5,28.6,0,
95127,2026-09-27,95078001,PONTOISE - AERO,6.1,9.4,27.5,0,25.56
95252,2026-09-27,78005002,ACHERES,7.1,9.7,28.4,0,15.48
95268,2026-09-27,95088001,LE BOURGET,1.8,11.8,28.2,0,25.2
95585,2026-09-27,95088001,LE BOURGET,4.1,11.8,28.2,0,25.2
01053,2026-09-28,01072001,CEYZERIAT_SAPC,3.1,19.1,28,0,
02691,2026-09-28,02320001,ST QUENTIN,6.2,14.6,22.6,0.9,
05061,2026-09-28,05061009,GAP,1.5,11,27,0,11.88
06004,2026-09-28,06004004,ANTIBES-GOLF,1.1,14.2,28.2,0,
06027,2026-09-28,06088001,NICE,5.3,19.3,26.4,0,16.92
06029,2026-09-28,06029001,CANNES,5.4,14.9,26.8,0,18
06030,2026-09-28,06029001,CANNES,4.5,14.9,26.8,0,18
06069,2026-09-28,06038001,CHATEAUNEUF GRASSE,5.4,16.6,26.6,0,16.56
06088,2026-09-28,06088007,NICE-RIMIEZ,4.5,17,25.3,0,17.64
08105,2026-09-28,08105005,CHARLEVILLE-MEZ,6.3,9.8,26.1,0,11.16
10387,2026-09-28,10030001,TROYES-BARBEREY,5.5,13.9,26.7,0,24.84
11069,2026-09-28,11069001,CARCASSONNE,4.4,20.4,27.2,0,44.28
11262,2026-09-28,11262005,NARBONNE,6.3,20,24,0,21.96
13001,2026-09-28,13001009,AIX EN PROVENCE,3,12.6,30.2,0.2,15.12
13004,2026-09-28,13004003,ARLES,5.1,15.6,27.4,0,24.48
13005,2026-09-28,13005003,AUBAGNE,3.5,10.6,28.4,0,16.92
13028,2026-09-28,13028001,BEC DE L AIGLE,3.8,18.9,24.8,0,33.48
13047,2026-09-28,13047001,ISTRES,3,17.7,28.4,0,28.08
13055,2026-09-28,13055001,MARSEILLE-OBS,3,17.4,28.4,0,
13056,2026-09-28,13054001,MARIGNANE,14.7,16.4,29.2,0,27
13103,2026-09-28,13103001,SALON DE PROVENCE,5.8,13.2,28.7,0,20.52
14118,2026-09-28,14137001,CAEN-CARPIQUET,6.1,14.2,16.8,36.6,14.76
16015,2026-09-28,16113001,LA COURONNE,4,17.6,28.7,0,21.6
17300,2026-09-28,17300009,LA ROCHELLE-ILE DE RE,2.2,17.2,26.6,1.6,22.32
18033,2026-09-28,18033001,BOURGES,3.6,16.5,28.9,0,25.56
19031,2026-09-28,19031008,BRIVE,3.2,16.5,29.1,0,16.92
21231,2026-09-28,21231001,DIJON,2,13.6,26.8,0,
22278,2026-09-28,22372001,ST BRIEUC,7,13.3,18,0,22.32
25056,2026-09-28,25056001,BESANCON,2.2,14.2,28.7,0,13.32
26198,2026-09-28,26198001,MONTELIMAR,3.1,16.4,28.6,0,20.52
26362,2026-09-28,26064001,VALENCE-CHABEUI,4.5,18.4,29.2,0,34.2
27229,2026-09-28,27306001,GUICHAINVILLE,5.5,15.9,21.4,8.4,
28085,2026-09-28,28070001,CHARTRES,1.4,15.2,23.7,8.2,12.6
29019,2026-09-28,29075001,BREST-GUIPAVAS,9.5,11.7,21,0,24.84
29232,2026-09-28,29216001,QUIMPER,5.5,13.9,19.7,0,20.88
2A004,2026-09-28,20004014,AJACCIO-MILELLI_SAPC,2.1,17,30.2,0,
2B033,2026-09-28,20033015,BASTIA_SAPC,2.6,18.4,28.1,0,
30007,2026-09-28,30243001,ST CHRISTOL-LES-ALES,3.7,15.1,26.7,0,
30189,2026-09-28,30189001,NIMES-COURBESSAC,5.8,16.9,28.9,0,22.32
31149,2026-09-28,31069001,TOULOUSE-BLAGNAC,4.5,20.3,28.7,0,32.4
31555,2026-09-28,31069001,TOULOUSE-BLAGNAC,4.9,20.3,28.7,0,32.4
33063,2026-09-28,33063001,BORDEAUX-PAULIN,1.4,19.9,29.5,4.4,
33281,2026-09-28,33281001,BORDEAUX-MERIGNAC,0.7,19.4,28.8,10.7,29.52
33318,2026-09-28,33281001,BORDEAUX-MERIGNAC,5,19.4,28.8,10.7,29.52
33522,2026-09-28,33550001,VILLENAVE D'ORNON-INRAE,2.2,19.4,29.4,4.5,
33550,2026-09-28,33080001,CADAUJAC-INRAE,2.4,19.2,29,4,
34032,2026-09-28,34032002,BEZIERS-COURTADE,6.6,17.7,25.9,0,
34172,2026-09-28,34337001,VILLENEUVE-LES-MAG-INRAE,8.2,17.9,25.7,0,
34301,2026-09-28,34301002,SETE,4.1,19.1,24.8,0,19.44
35238,2026-09-28,35238003,RENNES GALLET,3.5,14.8,18.5,22.2,
35288,2026-09-28,35228001,DINARD,8.6,15,17.6,2.4,17.28
36044,2026-09-28,36063001,CHATEAUROUX  DEOLS,8.4,16.2,27.7,0,28.08
37122,2026-09-28,37122001,JOUE-LES-TOURS OB,1.4,16,26.7,0.4,
37261,2026-09-28,37179001,TOURS,6.1,16.4,24.7,0.2,24.84
38185,2026-09-28,38185012,GRENOBLE-CEA-RADOME,4,13.9,27.7,0,10.44
38421,2026-09-28,38185012,GRENOBLE-CEA-RADOME,7.4,13.9,27.7,0,10.44
41018,2026-09-28,41018001,BLOIS - VILLE,2.7,14.9,25.8,5.3,
42218,2026-09-28,42218011,SAINT-ETIENNE,1.3,15.4,24.7,0,11.88
44109,2026-09-28,44109012,NANTES-VILLE,3.7,17.5,21.7,5.6,
44143,2026-09-28,44020001,NANTES-BOUGUENAIS,4.7,16.6,21.8,10.1,18.36
44162,2026-09-28,44020001,NANTES-BOUGUENAIS,8.5,16.6,21.8,10.1,18.36
44184,2026-09-28,44103001,ST NAZAIRE-MONTOIR,7.6,15.7,20.9,18.4,20.88
45169,2026-09-28,45055001,ORLEANS,8.2,14.9,24.3,9.5,29.52
45234,2026-09-28,45193001,MARCILLY-EN-V.,14.2,13.9,24.8,3.6,
49007,2026-09-28,49007011,ANGERS VILLE,3.2,17.4,20.9,4.4,
49099,2026-09-28,49099003,CHOLET,4.9,16.5,21.1,8.6,19.8
50129,2026-09-28,50209001,GONNEVILLE,12.7,13.8,19.1,0.4,21.24
51108,2026-09-28,51242001,FAGNIERES-INRAE,6,13.9,26.5,0,
51454,2026-09-28,51449002,REIMS-PRUNAY,8.7,13.7,26.7,0,17.28
53130,2026-09-28,53130008,LAVAL-ETRONNIER,3.5,15.8,20.5,1.4,18
54395,2026-09-28,54526001,NANCY-ESSEY,3.5,13.7,29,0,20.88
56121,2026-09-28,56185001,LORIENT-LANN BIHOUE,4.4,13.4,18.7,1.6,24.48
56260,2026-09-28,56243001,VANNES-SENE,6.5,14.7,19.8,7.2,14.04
57463,2026-09-28,57039001,METZ-FRESCATY,6.5,13.5,28.2,0,10.44
57672,2026-09-28,57689001,VALMESTROFF,8.7,13.3,27.6,0,15.48
59009,2026-09-28,59512001,ROUBAIX,8,16.6,20,3.2,
59178,2026-09-28,59178001,DOUAI,2.7,15.3,20,3,
59183,2026-09-28,59183001,DUNKERQUE,4.2,16.7,18.6,6,23.4
59350,2026-09-28,59343001,LILLE-LESQUIN,7.7,16,20,3.4,21.96
59378,2026-09-28,59512001,ROUBAIX,6.4,16.6,20,3.2,
59512,2026-09-28,59512001,ROUBAIX,2.1,16.6,20,3.2,
59599,2026-09-28,59512001,ROUBAIX,2.2,16.6,20,3.2,
59606,2026-09-28,59606004,VALENCIENNES,5.3,13.5,21.1,0.5,16.56
59650,2026-09-28,59512001,ROUBAIX,2.6,16.6,20,3.2,
60057,2026-09-28,60639001,BEAUVAIS-TILLE,2.9,14.5,22.2,5.2,21.96
60159,2026-09-28,60382001,MARGNY-LES-COMPIEGNE,5,15.5,22.8,0.4,18.36
62041,2026-09-28,62873001,ARRAS,8.2,15.5,20,6,19.8
62160,2026-09-28,62160001,BOULOGNE-SEM,0.5,14.9,18,8.8,24.84
62193,2026-09-28,62548002,CALAIS-MARCK,6.2,16.2,19.1,5,15.48
63113,2026-09-28,63113001,CLERMONT-FD,2.8,13.7,27.5,0,23.76
64024,2026-09-28,64024001,BIARRITZ-PAYS-BASQUE,2.5,18.1,29.6,1,20.88
64102,2026-09-28,64024001,BIARRITZ-PAYS-BASQUE,6.1,18.1,29.6,1,20.88
64445,2026-09-28,64549001,PAU-UZEIN,9.2,16.8,30,1.6,17.28
65440,2026-09-28,65344001,TARBES-LOURDES-PYRENEES,7.7,15.3,28.2,2.2,23.04
66136,2026-09-28,66136001,PERPIGNAN,5,21.4,28.4,0,36.36
67482,2026-09-28,67482001,STRASBOURG - BOTANIQUE,1.5,15.5,28.1,0,
68066,2026-09-28,68066001,COLMAR-INRAE,7.1,13,30.9,0,
68224,2026-09-28,68224006,MULHOUSE,2.8,13.2,30.5,0,8.64
69029,2026-09-28,69029001,LYON-BRON,3.3,19.3,28.2,0,29.88
69034,2026-09-28,69123002,LYON TETE D'OR,2.9,16.6,28.1,0,
69123,2026-09-28,69123002,LYON TETE D'OR,2.3,16.6,28.1,0,
69149,2026-09-28,69204002,ST-GENIS-LAVAL,2.7,15,28,0,
69256,2026-09-28,69123002,LYON TETE D'OR,5.4,16.6,28.1,0,
69259,2026-09-28,69029001,LYON-BRON,5.8,19.3,28.2,0,29.88
69266,2026-09-28,69123002,LYON TETE D'OR,2.7,16.6,28.1,0,
69290,2026-09-28,69029001,LYON-BRON,2.2,19.3,28.2,0,29.88
71076,2026-09-28,71081001,CHALON-CHAMPFO,4.6,12.7,28.2,0,19.08
72181,2026-09-28,72181001,LE MANS,4,16.6,21.3,3.4,16.2
73065,2026-09-28,73064001,CHALLES LES EAUX,5.3,11.3,27,0,
74010,2026-09-28,74093001,CRAN-GEVRIER,1.7,10.9,26.9,0,
74012,2026-09-28,74133001,GAILLARD,3.2,10.4,28.9,0,
74281,2026-09-28,74281001,THONON-INRAE,1.9,13.7,23.9,0,
75056,2026-09-28,75106001,LUXEMBOURG,1.7,17.6,25.6,2.6,
76351,2026-09-28,76552001,CAP-DE-LA-HEVE,4.6,15.2,17.3,31.8,23.4
76540,2026-09-28,76540009,ROUEN - JARDIN,2.3,16.9,21.1,2.2,
77108,2026-09-28,93050001,NEUILLY-SUR-M.,4.5,14.7,25.5,0.8,
77284,2026-09-28,77084001,CHANGIS,8,14.8,26.7,0.2,9.72
77288,2026-09-28,77306001,MELUN,7.8,14.5,25.6,0.6,18
77373,2026-09-28,77468001,TORCY,8.7,14.8,25.1,0.8,13.68
78361,2026-09-28,78354001,MAGNANVILLE,3.8,15.9,22.7,4.8,14.04
78498,2026-09-28,78481001,LE PECQ,7.8,15.2,25.3,2.2,
78551,2026-09-28,78481001,LE PECQ,4.9,15.2,25.3,2.2,
78586,2026-09-28,78005002,ACHERES,6.2,13.8,24.8,2.4,15.12
78646,2026-09-28,78646002,VERSAILLES- INRAE,2.1,13.3,24,2.5,
79191,2026-09-28,79191005,NIORT,4.9,17.3,25,0.2,23.76
80021,2026-09-28,80379002,AMIENS-GLISY,7.6,15.9,19.6,4.9,23.04
81004,2026-09-28,81284001,ALBI,2,17.3,28.7,0,27
81065,2026-09-28,81182004,MONTREDON-LABESSONNIE,15.3,18.1,24,0,29.16
82121,2026-09-28,82121002,MONTAUBAN,1.2,17.7,29,0,21.96
83050,2026-09-28,83050007,DRAGUIGNAN_SAPC,1.3,13.1,28.2,0,
83061,2026-09-28,83061001,FREJUS,5.2,14.4,27.2,0,12.6
83069,2026-09-28,83069001,HYERES,7.4,13.4,26.4,0,22.32
83126,2026-09-28,83137001,TOULON,3.8,15.4,26.1,0,20.16
83137,2026-09-28,83137001,TOULON,3.7,15.4,26.1,0,20.16
84007,2026-09-28,84007005,AVIGNON,6.5,15,29.9,0,22.68
85191,2026-09-28,85191003,LA ROCHE SUR YON,5.1,16.6,24.7,7.3,27.36
85194,2026-09-28,85060002,CHATEAU-D'OLONNE,6.1,17.3,26.1,5,24.12
86194,2026-09-28,86027001,POITIERS-BIARD,4.5,16.7,25.6,0.2,28.44
87085,2026-09-28,87085006,LIMOGES-BELLEGARDE,4,17.8,26.2,0,34.2
90010,2026-09-28,90035001,DORANS,6,14.9,29.2,0,11.88
91174,2026-09-28,91103001,BRETIGNY_SAPC,10.2,15.1,25,2.2,
91228,2026-09-28,91103001,BRETIGNY_SAPC,8.4,15.1,25,2.2,
91377,2026-09-28,78640001,VILLACOUBLAY,7,15.6,23.6,3,20.52
91589,2026-09-28,91027002,ORLY,5.1,16.2,24.7,1.4,19.08
92002,2026-09-28,78640001,VILLACOUBLAY,7.3,15.6,23.6,3,20.52
92004,2026-09-28,75110001,LARIBOISIERE,5.8,17.9,24.2,2,
92007,2026-09-28,75114001,PARIS-MONTSOURIS,3.4,17.2,23.6,2.8,12.6
92012,2026-09-28,75116008,LONGCHAMP,2,13.5,25.1,2.4,11.16
92023,2026-09-28,78640001,VILLACOUBLAY,4.3,15.6,23.6,3,20.52
92024,2026-09-28,75110001,LARIBOISIERE,4.2,17.9,24.2,2,
92025,2026-09-28,92073001,SURESNES,5.8,16.2,25.1,2.2,
92026,2026-09-28,92073001,SURESNES,3.4,16.2,25.1,2.2,
92036,2026-09-28,75110001,LARIBOISIERE,7.2,17.9,24.2,2,
92040,2026-09-28,75116008,LONGCHAMP,4,13.5,25.1,2.4,11.16
92044,2026-09-28,75107005,TOUR EIFFEL,4.1,16,22.7,,31.32
92048,2026-09-28,78640001,VILLACOUBLAY,3.8,15.6,23.6,3,20.52
92049,2026-09-28,75114001,PARIS-MONTSOURIS,1.7,17.2,23.6,2.8,12.6
92050,2026-09-28,92073001,SURESNES,3.8,16.2,25.1,2.2,
92051,2026-09-28,92073001,SURESNES,2.8,16.2,25.1,2.2,
92062,2026-09-28,92073001,SURESNES,1.3,16.2,25.1,2.2,
92063,2026-09-28,92073001,SURESNES,3.9,16.2,25.1,2.2,
92073,2026-09-28,92073001,SURESNES,1.2,16.2,25.1,2.2,
93001,2026-09-28,75110001,LARIBOISIERE,4.3,17.9,24.2,2,
93005,2026-09-28,95088001,LE BOURGET,5.3,15.9,24.7,1.2,16.92
93006,2026-09-28,75110001,LARIBOISIERE,5.6,17.9,24.2,2,
93007,2026-09-28,95088001,LE BOURGET,4,15.9,24.7,1.2,16.92
93008,2026-09-28,95088001,LE BOURGET,6.8,15.9,24.7,1.2,16.92
93010,2026-09-28,93050001,NEUILLY-SUR-M.,6.6,14.7,25.5,0.8,
93027,2026-09-28,95088001,LE BOURGET,4.3,15.9,24.7,1.2,16.92
93029,2026-09-28,95088001,LE BOURGET,4.9,15.9,24.7,1.2,16.92
93031,2026-09-28,95088001,LE BOURGET,8.2,15.9,24.7,1.2,16.92
93032,2026-09-28,93050001,NEUILLY-SUR-M.,2.5,14.7,25.5,0.8,
93046,2026-09-28,93050001,NEUILLY-SUR-M.,6.6,14.7,25.5,0.8,
93048,2026-09-28,94068001,ST-MAUR,6.9,15.8,25.3,1,
93050,2026-09-28,93050001,NEUILLY-SUR-M.,0.6,14.7,25.5,0.8,
93051,2026-09-28,93050001,NEUILLY-SUR-M.,3.1,14.7,25.5,0.8,
93053,2026-09-28,93050001,NEUILLY-SUR-M.,7.4,14.7,25.5,0.8,
93055,2026-09-28,75110001,LARIBOISIERE,4.6,17.9,24.2,2,
93064,2026-09-28,93050001,NEUILLY-SUR-M.,4.6,14.7,25.5,0.8,
93066,2026-09-28,95088001,LE BOURGET,5.6,15.9,24.7,1.2,16.92
93070,2026-09-28,75110001,LARIBOISIERE,3.5,17.9,24.2,2,
93071,2026-09-28,95088001,LE BOURGET,8.2,15.9,24.7,1.2,16.92
93072,2026-09-28,95088001,LE BOURGET,3.2,15.9,24.7,1.2,16.92
93073,2026-09-28,95527001,ROISSY,4.6,16.2,24.4,1,23.04
93078,2026-09-28,95527001,ROISSY,6.6,16.2,24.4,1,23.04
94002,2026-09-28,94068001,ST-MAUR,5.4,15.8,25.3,1,
94017,2026-09-28,94068001,ST-MAUR,2.3,15.8,25.3,1,
94022,2026-09-28,91027002,ORLY,5.3,16.2,24.7,1.4,19.08
94028,2026-09-28,94068001,ST-MAUR,4,15.8,25.3,1,
94033,2026-09-28,94068001,ST-MAUR,4.8,15.8,25.3,1,
94041,2026-09-28,75114001,PARIS-MONTSOURIS,3.8,17.2,23.6,2.8,12.6
94046,2026-09-28,94068001,ST-MAUR,3.9,15.8,25.3,1,
94068,2026-09-28,94068001,ST-MAUR,1,15.8,25.3,1,
94076,2026-09-28,75114001,PARIS-MONTSOURIS,3.5,17.2,23.6,2.8,12.6
94080,2026-09-28,94068001,ST-MAUR,5.8,15.8,25.3,1,
94081,2026-09-28,75114001,PARIS-MONTSOURIS,5.5,17.2,23.6,2.8,12.6
95018,2026-09-28,92073001,SURESNES,8.9,16.2,25.1,2.2,
95127,2026-09-28,95078001,PONTOISE - AERO,6.1,14.4,23.3,2.6,22.68
95252,2026-09-28,78005002,ACHERES,7.1,13.8,24.8,2.4,15.12
95268,2026-09-28,95088001,LE BOURGET,1.8,15.9,24.7,1.2,16.92
95585,2026-09-28,95088001,LE BOURGET,4.1,15.9,24.7,1.2,16.92
